title,xpath,grid_name,parent_grid_name,type,widget,container,format,ignore_empty,ignore_autocalc_check,export_result,force_def_val,disabled,readonly,required,weight,allow_cyrillic,default_value,options,attributes,class,rows,minlength,maxlength,decimal_length,pattern,exclude_from_xml,extensions,max_size,tag
Denumirea completa a contribuabilului,dec/DataSet/Header/ENT_NAME,,,text,textfield,,,0,0,0,0,0,0,0,0,0,@agent_name,,,text,0,0,0,0,,0,,,
Inspectoratul Fiscal de Stat pe r-nul (mun.),dec/DataSet/Header/FISCCOD_FISC,,,custom,select,%02d,%02d,0,0,0,0,0,0,1,1,0,@ifs,<?php return classifiers_get_list('ifs'); ?>,,text,0,2,2,0,,0,,,
Codul localităţii (CUATM),dec/DataSet/Header/CUATM,,,custom,select,%04d,%04d,0,0,0,0,0,0,1,2,0,@cuatm,"SELECT LEFT(CASE WHEN TRIM(c.code) REGEXP '^[135]' AND CHAR_LENGTH(TRIM(c.code)) = 6 THEN CONCAT('0', TRIM(c.code)) ELSE TRIM(c.code) END , 4) AS code, CONCAT(LEFT(CASE WHEN TRIM(c.code) REGEXP '^[135]' AND CHAR_LENGTH(TRIM(c.code)) = 6 THEN CONCAT('0', TRIM(c.code)) ELSE TRIM(c.code) END, 4), ' - ',  t.name) FROM taxonomy_term_data t JOIN classifier_cuatm_full c ON c.tid = t.tid  WHERE c.prgs in ('5','3','4','6','8','9') AND c.code not in ('101000');",,text,0,4,4,0,,0,,,
Strada,dec/DataSet/Header/STREET,,,text,textfield,,,0,0,0,0,0,0,0,3,0,@address,,,text,0,0,100,0,,0,,,
Nr casei,dec/DataSet/Header/STREET_NR,,,text,textfield,,,0,0,0,0,0,0,0,4,0,,,,text,0,0,100,0,,0,,,
Activitatea principală,dec/DataSet/Header/CAEM,,,text,select2,,,0,0,0,0,0,0,1,5,0,@cuiio_caem_code,<?php return declarations_get_caem_list('vocabulary_18'); ?>,,text,0,0,300,0,,0,,,
Codul CUIÎO,dec/DataSet/Header/CUIIO,,,numeric,textfield,,,0,0,0,0,0,0,1,6,0,@cuiio,,,text,0,5,8,0,,0,,,
Codul fiscal,dec/DataSet/Header/IDNO,,,numeric,textfield,,,0,0,0,0,0,0,1,7,0,@fisccode,,,text,0,0,15,0,,0,,,
Conducătorul,dec/DataSet/Header/HEAD,,,text,textfield,,textfield,0,0,0,0,0,0,0,8,0,,,,text,0,0,0,0,,0,,,
Executant,dec/DataSet/Header/EXECUTOR,,,text,textfield,,,0,0,0,0,0,0,0,9,0,@full_name,,,text,0,0,0,0,,0,,,
Numar telefon,dec/DataSet/Header/PHONE,,,numeric,textfield,,,0,0,0,0,0,0,0,10,0,@cuiio_telefon,,,text,0,0,12,0,,0,,,
E-mail,dec/DataSet/Header/EMAIL,,,text,textfield,,,0,0,0,0,0,0,0,11,0,@email,,,text,0,0,60,0,,0,,,
Perioada fiscală,dec/DataSet/Header/nalogPeriodType,,,period,hidden,,,0,0,0,0,0,0,1,12,0,@last_quarter_period,,,text,0,0,0,0,,0,,,
Perioada fiscală,dec/DataSet/Header/nalogPeriodLetter,,,period_type,hidden,,,0,0,0,0,0,0,0,13,0,T,,,,0,0,0,0,,0,,,
Trimestrul de raportare,dec/DataSet/Header/TRIM,,,period_quarter,select,,,0,0,0,0,0,0,1,14,0,,,,,0,0,0,0,,0,,,
Anul de raportare,dec/DataSet/Header/YEAR,,,period_year,select,,,0,0,0,0,0,0,1,15,0,@cur_year_period,,,text,0,0,0,0,,0,,,
Rînd. 1110 col.1,dec/DataSet/Data/CAP1_R1110_C1,,,numeric,textfield,,,0,0,0,0,0,0,0,43,0,,,,table number,0,0,15,0,,0,,,
Rînd. 1110 col.2,dec/DataSet/Data/CAP1_R1110_C2,,,numeric,textfield,,,0,0,0,0,0,0,0,44,0,,,,table number,0,0,15,0,,0,,,
Rînd. 1110 col.3,dec/DataSet/Data/CAP1_R1110_C3,,,numeric,textfield,,,0,0,0,0,0,0,0,45,0,,,,table number,0,0,15,0,,0,,,
Rînd. 1110 col.4,dec/DataSet/Data/CAP1_R1110_C4,,,numeric,textfield,,,0,0,0,0,0,0,0,46,0,,,,table number,0,0,15,0,,0,,,
Rînd. 1110 col.5,dec/DataSet/Data/CAP1_R1110_C5,,,numeric,textfield,,,0,0,0,0,0,0,0,47,0,,,,table number,0,0,15,0,,0,,,
Rînd. 1120 col.1,dec/DataSet/Data/CAP1_R1120_C1,,,numeric,textfield,,,0,0,0,0,0,0,0,76,0,,,,table number,0,0,15,0,,0,,,
Rînd. 1120 col.2,dec/DataSet/Data/CAP1_R1120_C2,,,numeric,textfield,,,0,0,0,0,0,0,0,77,0,,,,table number,0,0,15,0,,0,,,
Rînd. 1120 col.3,dec/DataSet/Data/CAP1_R1120_C3,,,numeric,textfield,,,0,0,0,0,0,0,0,78,0,,,,table number,0,0,15,0,,0,,,
Rînd. 1120 col.4,dec/DataSet/Data/CAP1_R1120_C4,,,numeric,textfield,,,0,0,0,0,0,0,0,79,0,,,,table number,0,0,15,0,,0,,,
Rînd. 1120 col.5,dec/DataSet/Data/CAP1_R1120_C5,,,numeric,textfield,,,0,0,0,0,0,0,0,80,0,,,,table number,0,0,15,0,,0,,,
Rind. 1130.col. 1,dec/DataSet/Data/CAP1_R1130_C1,,,numeric,textfield,,,0,0,0,0,0,0,0,26,0,,,,table number,0,0,15,0,,0,,,
Rind. 1130.col. 2,dec/DataSet/Data/CAP1_R1130_C2,,,numeric,textfield,,,0,0,0,0,0,0,0,27,0,,,,table number,0,0,15,0,,0,,,
Rind. 1130.col. 3,dec/DataSet/Data/CAP1_R1130_C3,,,numeric,textfield,,,0,0,0,0,0,0,0,28,0,,,,table number,0,0,15,0,,0,,,
Rind. 1130.col. 4,dec/DataSet/Data/CAP1_R1130_C4,,,numeric,textfield,,,0,0,0,0,0,0,0,29,0,,,,table number,0,0,15,0,,0,,,
Rind. 1130.col. 5,dec/DataSet/Data/CAP1_R1130_C5,,,numeric,textfield,,,0,0,0,0,0,0,0,30,0,,,,table number,0,0,15,0,,0,,,
Rînd. 1140 col.1,dec/DataSet/Data/CAP1_R1140_C1,,,numeric,textfield,,,0,0,0,0,0,0,0,131,0,,,,table number,0,0,15,0,,0,,,
Rînd. 1140 col.2,dec/DataSet/Data/CAP1_R1140_C2,,,numeric,textfield,,,0,0,0,0,0,0,0,132,0,,,,table number,0,0,15,0,,0,,,
Rînd. 1140 col.3,dec/DataSet/Data/CAP1_R1140_C3,,,numeric,textfield,,,0,0,0,0,0,0,0,133,0,,,,table number,0,0,15,0,,0,,,
Rînd. 1140 col.4,dec/DataSet/Data/CAP1_R1140_C4,,,numeric,textfield,,,0,0,0,0,0,0,0,134,0,,,,table number,0,0,15,0,,0,,,
Rînd. 1140 col.5,dec/DataSet/Data/CAP1_R1140_C5,,,numeric,textfield,,,0,0,0,0,0,0,0,135,0,,,,table number,0,0,15,0,,0,,,
Rind. 1150.col. 1,dec/DataSet/Data/CAP1_R1150_C1,,,numeric,textfield,,,0,0,0,0,0,0,0,36,0,,,,table number,0,0,15,0,,0,,,
Rind. 1150.col. 2,dec/DataSet/Data/CAP1_R1150_C2,,,numeric,textfield,,,0,0,0,0,0,0,0,37,0,,,,table number,0,0,15,0,,0,,,
Rind. 1150.col. 3,dec/DataSet/Data/CAP1_R1150_C3,,,numeric,textfield,,,0,0,0,0,0,0,0,38,0,,,,table number,0,0,15,0,,0,,,
Rind. 1150.col. 4,dec/DataSet/Data/CAP1_R1150_C4,,,numeric,textfield,,,0,0,0,0,0,0,0,39,0,,,,table number,0,0,15,0,,0,,,
Rind. 1150.col. 5,dec/DataSet/Data/CAP1_R1150_C5,,,numeric,textfield,,,0,0,0,0,0,0,0,40,0,,,,table number,0,0,15,0,,0,,,
Rind. 1160.col. 1,dec/DataSet/Data/CAP1_R1160_C1,,,numeric,textfield,,,0,0,0,0,0,0,0,41,0,,,,table number,0,0,15,0,,0,,,
Rind. 1160.col. 2,dec/DataSet/Data/CAP1_R1160_C2,,,numeric,textfield,,,0,0,0,0,0,0,0,42,0,,,,table number,0,0,15,0,,0,,,
Rind. 1160.col. 3,dec/DataSet/Data/CAP1_R1160_C3,,,numeric,textfield,,,0,0,0,0,0,0,0,43,0,,,,table number,0,0,15,0,,0,,,
Rind. 1160.col. 4,dec/DataSet/Data/CAP1_R1160_C4,,,numeric,textfield,,,0,0,0,0,0,0,0,44,0,,,,table number,0,0,15,0,,0,,,
Rind. 1160.col. 5,dec/DataSet/Data/CAP1_R1160_C5,,,numeric,textfield,,,0,0,0,0,0,0,0,45,0,,,,table number,0,0,15,0,,0,,,
Rind. 1170.col. 1,dec/DataSet/Data/CAP1_R1170_C1,,,numeric,textfield,,,0,0,0,0,0,0,0,46,0,,,,table number,0,0,15,0,,0,,,
Rind. 1170.col. 2,dec/DataSet/Data/CAP1_R1170_C2,,,numeric,textfield,,,0,0,0,0,0,0,0,47,0,,,,table number,0,0,15,0,,0,,,
Rind. 1170.col. 3,dec/DataSet/Data/CAP1_R1170_C3,,,numeric,textfield,,,0,0,0,0,0,0,0,48,0,,,,table number,0,0,15,0,,0,,,
Rind. 1170.col. 4,dec/DataSet/Data/CAP1_R1170_C4,,,numeric,textfield,,,0,0,0,0,0,0,0,49,0,,,,table number,0,0,15,0,,0,,,
Rind. 1170.col. 5,dec/DataSet/Data/CAP1_R1170_C5,,,numeric,textfield,,,0,0,0,0,0,0,0,50,0,,,,table number,0,0,15,0,,0,,,
Rind. 1180.col. 1,dec/DataSet/Data/CAP1_R1180_C1,,,numeric,textfield,,,0,0,0,0,0,0,0,51,0,,,,table number,0,0,15,0,,0,,,
Rind. 1180.col. 2,dec/DataSet/Data/CAP1_R1180_C2,,,numeric,textfield,,,0,0,0,0,0,0,0,52,0,,,,table number,0,0,15,0,,0,,,
Rind. 1180.col. 3,dec/DataSet/Data/CAP1_R1180_C3,,,numeric,textfield,,,0,0,0,0,0,0,0,53,0,,,,table number,0,0,15,0,,0,,,
Rind. 1180.col. 4,dec/DataSet/Data/CAP1_R1180_C4,,,numeric,textfield,,,0,0,0,0,0,0,0,54,0,,,,table number,0,0,15,0,,0,,,
Rind. 1180.col. 5,dec/DataSet/Data/CAP1_R1180_C5,,,numeric,textfield,,,0,0,0,0,0,0,0,55,0,,,,table number,0,0,15,0,,0,,,
Rind. 1190.col. 1,dec/DataSet/Data/CAP1_R1190_C1,,,numeric,textfield,,,0,0,0,0,0,0,0,56,0,,,,table number,0,0,15,0,,0,,,
Rind. 1190.col. 2,dec/DataSet/Data/CAP1_R1190_C2,,,numeric,textfield,,,0,0,0,0,0,0,0,57,0,,,,table number,0,0,15,0,,0,,,
Rind. 1190.col. 3,dec/DataSet/Data/CAP1_R1190_C3,,,numeric,textfield,,,0,0,0,0,0,0,0,58,0,,,,table number,0,0,15,0,,0,,,
Rind. 1190.col. 4,dec/DataSet/Data/CAP1_R1190_C4,,,numeric,textfield,,,0,0,0,0,0,0,0,59,0,,,,table number,0,0,15,0,,0,,,
Rind. 1190.col. 5,dec/DataSet/Data/CAP1_R1190_C5,,,numeric,textfield,,,0,0,0,0,0,0,0,60,0,,,,table number,0,0,15,0,,0,,,
Rind. 1191.col. 1,dec/DataSet/Data/CAP1_R1191_C1,,,numeric,textfield,,,0,0,0,0,0,0,0,61,0,,,,table number,0,0,15,0,,0,,,
Rind. 1191.col. 2,dec/DataSet/Data/CAP1_R1191_C2,,,numeric,textfield,,,0,0,0,0,0,0,0,62,0,,,,table number,0,0,15,0,,0,,,
Rind. 1191.col. 3,dec/DataSet/Data/CAP1_R1191_C3,,,numeric,textfield,,,0,0,0,0,0,0,0,63,0,,,,table number,0,0,15,0,,0,,,
Rind. 1191.col. 4,dec/DataSet/Data/CAP1_R1191_C4,,,numeric,textfield,,,0,0,0,0,0,0,0,64,0,,,,table number,0,0,15,0,,0,,,
Rind. 1210.col. 1,dec/DataSet/Data/CAP1_R1210_C1,,,numeric,textfield,,,0,0,0,0,0,0,0,65,0,,,,table number,0,0,15,0,,0,,,
Rind. 1210.col. 2,dec/DataSet/Data/CAP1_R1210_C2,,,numeric,textfield,,,0,0,0,0,0,0,0,66,0,,,,table number,0,0,15,0,,0,,,
Rind. 1210.col. 3,dec/DataSet/Data/CAP1_R1210_C3,,,numeric,textfield,,,0,0,0,0,0,0,0,67,0,,,,table number,0,0,15,0,,0,,,
Rind. 1210.col. 4,dec/DataSet/Data/CAP1_R1210_C4,,,numeric,textfield,,,0,0,0,0,0,0,0,68,0,,,,table number,0,0,15,0,,0,,,
Rind. 1210.col. 5,dec/DataSet/Data/CAP1_R1210_C5,,,numeric,textfield,,,0,0,0,0,0,0,0,68,0,,,,table number,0,0,15,0,,0,,,
Rind. 1220.col. 1,dec/DataSet/Data/CAP1_R1220_C1,,,numeric,textfield,,,0,0,0,0,0,0,0,69,0,,,,table number,0,0,15,0,,0,,,
Rind. 1220.col. 2,dec/DataSet/Data/CAP1_R1220_C2,,,numeric,textfield,,,0,0,0,0,0,0,0,70,0,,,,table number,0,0,15,0,,0,,,
Rind. 1220.col. 3,dec/DataSet/Data/CAP1_R1220_C3,,,numeric,textfield,,,0,0,0,0,0,0,0,71,0,,,,table number,0,0,15,0,,0,,,
Rind. 1220.col. 4,dec/DataSet/Data/CAP1_R1220_C4,,,numeric,textfield,,,0,0,0,0,0,0,0,72,0,,,,table number,0,0,15,0,,0,,,
Rind. 1220.col. 5,dec/DataSet/Data/CAP1_R1220_C5,,,numeric,textfield,,,0,0,0,0,0,0,0,73,0,,,,table number,0,0,15,0,,0,,,
Rînd. 1230 col.1,dec/DataSet/Data/CAP1_R1230_C1,,,numeric,textfield,,,0,0,0,0,0,0,0,173,0,,,,table number,0,0,15,0,,0,,,
Rînd. 1230 col.2,dec/DataSet/Data/CAP1_R1230_C2,,,numeric,textfield,,,0,0,0,0,0,0,0,174,0,,,,table number,0,0,15,0,,0,,,
Rînd. 1230 col.3,dec/DataSet/Data/CAP1_R1230_C3,,,numeric,textfield,,,0,0,0,0,0,0,0,175,0,,,,table number,0,0,15,0,,0,,,
Rind. 1230.col. 4,dec/DataSet/Data/CAP1_R1230_C4,,,numeric,textfield,,,0,0,0,0,0,1,0,77,0,,,,table number,0,0,15,0,,0,,,
Rind. 1230.col. 5,dec/DataSet/Data/CAP1_R1230_C5,,,numeric,textfield,,,0,0,0,0,0,1,0,78,0,,,,table number,0,0,15,0,,0,,,
Rind. 1231.col. 1,dec/DataSet/Data/CAP1_R1231_C1,,,numeric,textfield,,,0,0,0,0,0,0,0,79,0,,,,table number,0,0,15,0,,0,,,
Rind. 1231.col. 2,dec/DataSet/Data/CAP1_R1231_C2,,,numeric,textfield,,,0,0,0,0,0,0,0,80,0,,,,table number,0,0,15,0,,0,,,
Rind. 1231.col. 3,dec/DataSet/Data/CAP1_R1231_C3,,,numeric,textfield,,,0,0,0,0,0,0,0,81,0,,,,table number,0,0,15,0,,0,,,
Rind. 1231.col. 4,dec/DataSet/Data/CAP1_R1231_C4,,,numeric,textfield,,,0,0,0,0,0,0,0,82,0,,,,table number,0,0,15,0,,0,,,
Rind. 1231.col. 5,dec/DataSet/Data/CAP1_R1231_C5,,,numeric,textfield,,,0,0,0,0,0,0,0,83,0,,,,table number,0,0,15,0,,0,,,
Rînd. 1232 col.1,dec/DataSet/Data/CAP1_R1232_C1,,,numeric,textfield,,,0,0,0,0,0,0,0,176,0,,,,table number,0,0,15,0,,0,,,
Rînd. 1232 col.2,dec/DataSet/Data/CAP1_R1232_C2,,,numeric,textfield,,,0,0,0,0,0,0,0,177,0,,,,table number,0,0,15,0,,0,,,
Rînd. 1232 col.3,dec/DataSet/Data/CAP1_R1232_C3,,,numeric,textfield,,,0,0,0,0,0,0,0,178,0,,,,table number,0,0,15,0,,0,,,
Rind. 1232.col. 4,dec/DataSet/Data/CAP1_R1232_C4,,,numeric,textfield,,,0,0,0,0,0,0,0,87,0,,,,table number,0,0,15,0,,0,,,
Rind. 1232.col. 5,dec/DataSet/Data/CAP1_R1232_C5,,,numeric,textfield,,,0,0,0,0,0,0,0,88,0,,,,table number,0,0,15,0,,0,,,
Rind. 1233.col. 1,dec/DataSet/Data/CAP1_R1233_C1,,,numeric,textfield,,,0,0,0,0,0,0,0,89,0,,,,table number,0,0,15,0,,0,,,
Rind. 1233.col. 2,dec/DataSet/Data/CAP1_R1233_C2,,,numeric,textfield,,,0,0,0,0,0,0,0,90,0,,,,table number,0,0,15,0,,0,,,
Rind. 1233.col. 3,dec/DataSet/Data/CAP1_R1233_C3,,,numeric,textfield,,,0,0,0,0,0,0,0,91,0,,,,table number,0,0,15,0,,0,,,
Rind. 1233.col. 4,dec/DataSet/Data/CAP1_R1233_C4,,,numeric,textfield,,,0,0,0,0,0,0,0,92,0,,,,table number,0,0,15,0,,0,,,
Rind. 1233.col. 5,dec/DataSet/Data/CAP1_R1233_C5,,,numeric,textfield,,,0,0,0,0,0,0,0,93,0,,,,table number,0,0,15,0,,0,,,
Rînd. 1234 col.1,dec/DataSet/Data/CAP1_R1234_C1,,,numeric,textfield,,,0,0,0,0,0,0,0,179,0,,,,table number,0,0,15,0,,0,,,
Rînd. 1234 col.2,dec/DataSet/Data/CAP1_R1234_C2,,,numeric,textfield,,,0,0,0,0,0,0,0,180,0,,,,table number,0,0,15,0,,0,,,
Rînd. 1234 col.3,dec/DataSet/Data/CAP1_R1234_C3,,,numeric,textfield,,,0,0,0,0,0,0,0,181,0,,,,table number,0,0,15,0,,0,,,
Rind. 1234.col. 4,dec/DataSet/Data/CAP1_R1234_C4,,,numeric,textfield,,,0,0,0,0,0,0,0,97,0,,,,table number,0,0,15,0,,0,,,
Rind. 1234.col. 5,dec/DataSet/Data/CAP1_R1234_C5,,,numeric,textfield,,,0,0,0,0,0,0,0,98,0,,,,table number,0,0,15,0,,0,,,
Rînd. 1235 col.1,dec/DataSet/Data/CAP1_R1235_C1,,,numeric,textfield,,,0,0,0,0,0,0,0,182,0,,,,table number,0,0,15,0,,0,,,
Rînd. 1235 col.2,dec/DataSet/Data/CAP1_R1235_C2,,,numeric,textfield,,,0,0,0,0,0,0,0,183,0,,,,table number,0,0,15,0,,0,,,
Rînd. 1235 col.3,dec/DataSet/Data/CAP1_R1235_C3,,,numeric,textfield,,,0,0,0,0,0,0,0,184,0,,,,table number,0,0,15,0,,0,,,
Rind. 1235.col. 4,dec/DataSet/Data/CAP1_R1235_C4,,,numeric,textfield,,,0,0,0,0,0,0,0,102,0,,,,table number,0,0,15,0,,0,,,
Rind. 1235.col. 5,dec/DataSet/Data/CAP1_R1235_C5,,,numeric,textfield,,,0,0,0,0,0,0,0,103,0,,,,table number,0,0,15,0,,0,,,
Rînd. 1236 col.1,dec/DataSet/Data/CAP1_R1236_C1,,,numeric,textfield,,,0,0,0,0,0,0,0,185,0,,,,table number,0,0,15,0,,0,,,
Rînd. 1236 col.2,dec/DataSet/Data/CAP1_R1236_C2,,,numeric,textfield,,,0,0,0,0,0,0,0,186,0,,,,table number,0,0,15,0,,0,,,
Rînd. 1236 col.3,dec/DataSet/Data/CAP1_R1236_C3,,,numeric,textfield,,,0,0,0,0,0,0,0,187,0,,,,table number,0,0,15,0,,0,,,
Rind. 1236.col. 4,dec/DataSet/Data/CAP1_R1236_C4,,,numeric,textfield,,,0,0,0,0,0,0,0,107,0,,,,table number,0,0,15,0,,0,,,
Rind. 1236.col. 5,dec/DataSet/Data/CAP1_R1236_C5,,,numeric,textfield,,,0,0,0,0,0,0,0,108,0,,,,table number,0,0,15,0,,0,,,
Rînd. 1240 col.1,dec/DataSet/Data/CAP1_R1240_C1,,,numeric,textfield,,,0,0,0,0,0,0,0,197,0,,,,table number,0,0,15,0,,0,,,
Rînd. 1240 col.2,dec/DataSet/Data/CAP1_R1240_C2,,,numeric,textfield,,,0,0,0,0,0,0,0,198,0,,,,table number,0,0,15,0,,0,,,
Rind. 1240.col. 3,dec/DataSet/Data/CAP1_R1240_C3,,,numeric,textfield,,,0,0,0,0,0,0,0,111,0,,,,table number,0,0,15,0,,0,,,
Rind. 1240.col. 4,dec/DataSet/Data/CAP1_R1240_C4,,,numeric,textfield,,,0,0,0,0,0,0,0,112,0,,,,table number,0,0,15,0,,0,,,
Rind. 1240.col. 5,dec/DataSet/Data/CAP1_R1240_C5,,,numeric,textfield,,,0,0,0,0,0,0,0,113,0,,,,table number,0,0,15,0,,0,,,
Rind. 1241.col. 1,dec/DataSet/Data/CAP1_R1241_C1,,,numeric,textfield,,,0,0,0,0,0,0,0,114,0,,,,table number,0,0,15,0,,0,,,
Rînd. 1241 col.2,dec/DataSet/Data/CAP1_R1241_C2,,,numeric,textfield,,,0,0,0,0,0,0,0,199,0,,,,table number,0,0,15,0,,0,,,
Rînd. 1241 col.3,dec/DataSet/Data/CAP1_R1241_C3,,,numeric,textfield,,,0,0,0,0,0,0,0,200,0,,,,table number,0,0,15,0,,0,,,
Rind. 1241.col. 4,dec/DataSet/Data/CAP1_R1241_C4,,,numeric,textfield,,,0,0,0,0,0,0,0,117,0,,,,table number,0,0,15,0,,0,,,
Rind. 1241.col. 5,dec/DataSet/Data/CAP1_R1241_C5,,,numeric,textfield,,,0,0,0,0,0,0,0,118,0,,,,table number,0,0,15,0,,0,,,
Rind. 1300.col. 1,dec/DataSet/Data/CAP1_R1300_C1,,,numeric,textfield,,,0,0,0,0,0,1,0,119,0,,,,table number,0,0,15,0,,0,,,
Rind. 1300.col. 2,dec/DataSet/Data/CAP1_R1300_C2,,,numeric,textfield,,,0,0,0,0,0,1,0,120,0,,,,table number,0,0,15,0,,0,,,
Rind. 1300.col. 3,dec/DataSet/Data/CAP1_R1300_C3,,,numeric,textfield,,,0,0,0,0,0,1,0,121,0,,,,table number,0,0,15,0,,0,,,
Rind. 1300.col. 4,dec/DataSet/Data/CAP1_R1300_C4,,,numeric,textfield,,,0,0,0,0,0,1,0,122,0,,,,table number,0,0,15,0,,0,,,
Rind. 1300.col. 5,dec/DataSet/Data/CAP1_R1300_C5,,,numeric,textfield,,,0,0,0,0,0,1,0,123,0,,,,table number,0,0,15,0,,0,,,
Rind. 1400.col. 1,dec/DataSet/Data/CAP1_R1400_C1,,,numeric,textfield,,,0,0,0,0,0,1,0,124,0,,,,table number,0,0,15,0,,0,,,
Rind. 1400.col. 2,dec/DataSet/Data/CAP1_R1400_C2,,,numeric,textfield,,,0,0,0,0,0,1,0,125,0,,,,table number,0,0,15,0,,0,,,
Rind. 1410.col. 1,dec/DataSet/Data/CAP1_R1410_C1,,,numeric,textfield,,,0,0,0,0,0,0,0,129,0,,,,table number,0,0,15,0,,0,,,
Rind. 1410.col. 2,dec/DataSet/Data/CAP1_R1410_C2,,,numeric,textfield,,,0,0,0,0,0,0,0,130,0,,,,table number,0,0,15,0,,0,,,
Rind. 1410.col. 3,dec/DataSet/Data/CAP1_R1410_C3,,,numeric,textfield,,,0,0,0,0,0,0,0,131,0,,,,table number,0,0,15,0,,0,,,
Rind. 1410.col. 4,dec/DataSet/Data/CAP1_R1410_C4,,,numeric,textfield,,,0,0,0,0,0,0,0,132,0,,,,table number,0,0,15,0,,0,,,
Rind. 1410.col. 5,dec/DataSet/Data/CAP1_R1410_C5,,,numeric,textfield,,,0,0,0,0,0,0,0,133,0,,,,table number,0,0,15,0,,0,,,
Rind. 1420.col. 1,dec/DataSet/Data/CAP1_R1420_C1,,,numeric,textfield,,,0,0,0,0,0,0,0,134,0,,,,table number,0,0,15,0,,0,,,
Rînd. 1420 col.2,dec/DataSet/Data/CAP1_R1420_C2,,,numeric,textfield,,,0,0,0,0,0,0,0,355,0,,,,table number,0,0,15,0,,0,,,
Rînd. 1420 col.3,dec/DataSet/Data/CAP1_R1420_C3,,,numeric,textfield,,,0,0,0,0,0,0,0,356,0,,,,table number,0,0,15,0,,0,,,
Rind. 1420.col. 4,dec/DataSet/Data/CAP1_R1420_C4,,,numeric,textfield,,,0,0,0,0,0,0,0,137,0,,,,table number,0,0,15,0,,0,,,
Rind. 1430.col. 1,dec/DataSet/Data/CAP1_R1430_C1,,,numeric,textfield,,,0,0,0,0,0,0,0,138,0,,,,table number,0,0,15,0,,0,,,
Rind. 1430.col. 2,dec/DataSet/Data/CAP1_R1430_C2,,,numeric,textfield,,,0,0,0,0,0,0,0,139,0,,,,table number,0,0,15,0,,0,,,
Rind. 1430.col. 3,dec/DataSet/Data/CAP1_R1430_C3,,,numeric,textfield,,,0,0,0,0,0,0,0,140,0,,,,table number,0,0,15,0,,0,,,
Rind. 1430.col. 4,dec/DataSet/Data/CAP1_R1430_C4,,,numeric,textfield,,,0,0,0,0,0,0,0,141,0,,,,table number,0,0,15,0,,0,,,
Rind. 1430.col. 5,dec/DataSet/Data/CAP1_R1430_C5,,,numeric,textfield,,,0,0,0,0,0,0,0,142,0,,,,table number,0,0,15,0,,0,,,
Rind. 1431.col. 1,dec/DataSet/Data/CAP1_R1431_C1,,,numeric,textfield,,,0,0,0,0,0,0,0,143,0,,,,table number,0,0,15,0,,0,,,
Rind. 1431.col. 2,dec/DataSet/Data/CAP1_R1431_C2,,,numeric,textfield,,,0,0,0,0,0,0,0,144,0,,,,table number,0,0,15,0,,0,,,
Rind. 1431.col. 3,dec/DataSet/Data/CAP1_R1431_C3,,,numeric,textfield,,,0,0,0,0,0,0,0,145,0,,,,table number,0,0,15,0,,0,,,
Rind. 1431.col. 4,dec/DataSet/Data/CAP1_R1431_C4,,,numeric,textfield,,,0,0,0,0,0,0,0,146,0,,,,table number,0,0,15,0,,0,,,
Rînd. 1440 col.1,dec/DataSet/Data/CAP1_R1440_C1,,,numeric,textfield,,,0,0,0,0,0,0,0,362,0,,,,table number,0,0,15,0,,0,,,
Rind. 1440.col. 2,dec/DataSet/Data/CAP1_R1440_C2,,,numeric,textfield,,,0,0,0,0,0,0,0,148,0,,,,table number,0,0,15,0,,0,,,
Rind. 1440.col. 3,dec/DataSet/Data/CAP1_R1440_C3,,,numeric,textfield,,,0,0,0,0,0,0,0,149,0,,,,table number,0,0,15,0,,0,,,
Rind. 1450.col. 1,dec/DataSet/Data/CAP1_R1450_C1,,,numeric,textfield,,,0,0,0,0,0,0,0,150,0,,,,table number,0,0,15,0,,0,,,
Rind. 1450.col. 2,dec/DataSet/Data/CAP1_R1450_C2,,,numeric,textfield,,,0,0,0,0,0,0,0,151,0,,,,table number,0,0,15,0,,0,,,
Rind. 1450.col. 3,dec/DataSet/Data/CAP1_R1450_C3,,,numeric,textfield,,,0,0,0,0,0,0,0,152,0,,,,table number,0,0,15,0,,0,,,
Rind. 1450.col. 4,dec/DataSet/Data/CAP1_R1450_C4,,,numeric,textfield,,,0,0,0,0,0,0,0,153,0,,,,table number,0,0,15,0,,0,,,
Rind. 1450.col. 5,dec/DataSet/Data/CAP1_R1450_C5,,,numeric,textfield,,,0,0,0,0,0,0,0,154,0,,,,table number,0,0,15,0,,0,,,
Rind. 1460.col. 1,dec/DataSet/Data/CAP1_R1460_C1,,,numeric,textfield,,,0,0,0,0,0,0,0,155,0,,,,table number,0,0,15,0,,0,,,
Rind. 1460.col. 2,dec/DataSet/Data/CAP1_R1460_C2,,,numeric,textfield,,,0,0,0,0,0,0,0,156,0,,,,table number,0,0,15,0,,0,,,
Rind. 1460.col. 3,dec/DataSet/Data/CAP1_R1460_C3,,,numeric,textfield,,,0,0,0,0,0,0,0,157,0,,,,table number,0,0,15,0,,0,,,
Rind. 1460.col. 4,dec/DataSet/Data/CAP1_R1460_C4,,,numeric,textfield,,,0,0,0,0,0,0,0,158,0,,,,table number,0,0,15,0,,0,,,
Rind. 1460.col. 5,dec/DataSet/Data/CAP1_R1460_C5,,,numeric,textfield,,,0,0,0,0,0,0,0,159,0,,,,table number,0,0,15,0,,0,,,
Rind. 1470.col. 1,dec/DataSet/Data/CAP1_R1470_C1,,,numeric,textfield,,,0,0,0,0,0,0,0,160,0,,,,table number,0,0,15,0,,0,,,
Rind. 1470.col. 2,dec/DataSet/Data/CAP1_R1470_C2,,,numeric,textfield,,,0,0,0,0,0,0,0,161,0,,,,table number,0,0,15,0,,0,,,
Rind. 1470.col. 3,dec/DataSet/Data/CAP1_R1470_C3,,,numeric,textfield,,,0,0,0,0,0,0,0,162,0,,,,table number,0,0,15,0,,0,,,
Rind. 1480.col. 1,dec/DataSet/Data/CAP1_R1480_C1,,,numeric,textfield,,,0,0,0,0,0,1,0,163,0,,,,table number,0,0,15,0,,0,,,
Rind. 1480.col. 2,dec/DataSet/Data/CAP1_R1480_C2,,,numeric,textfield,,,0,0,0,0,0,1,0,164,0,,,,table number,0,0,15,0,,0,,,
Rind. 1480.col. 3,dec/DataSet/Data/CAP1_R1480_C3,,,numeric,textfield,,,0,0,0,0,0,1,0,165,0,,,,table number,0,0,15,0,,0,,,
Rind. 1481.col. 1,dec/DataSet/Data/CAP1_R1481_C1,,,numeric,textfield,,,0,0,0,0,0,0,0,166,0,,,,table number,0,0,15,0,,0,,,
Rind. 1481.col. 2,dec/DataSet/Data/CAP1_R1481_C2,,,numeric,textfield,,,0,0,0,0,0,0,0,167,0,,,,table number,0,0,15,0,,0,,,
Rind. 1481.col. 3,dec/DataSet/Data/CAP1_R1481_C3,,,numeric,textfield,,,0,0,0,0,0,0,0,168,0,,,,table number,0,0,15,0,,0,,,
Rind. 1482.col. 1,dec/DataSet/Data/CAP1_R1482_C1,,,numeric,textfield,,,0,0,0,0,0,0,0,169,0,,,,table number,0,0,15,0,,0,,,
Rind. 1482.col. 2,dec/DataSet/Data/CAP1_R1482_C2,,,numeric,textfield,,,0,0,0,0,0,0,0,170,0,,,,table number,0,0,15,0,,0,,,
Rind. 1482.col. 3,dec/DataSet/Data/CAP1_R1482_C3,,,numeric,textfield,,,0,0,0,0,0,0,0,171,0,,,,table number,0,0,15,0,,0,,,
Rind. 1483.col. 1,dec/DataSet/Data/CAP1_R1483_C1,,,numeric,textfield,,,0,0,0,0,0,0,0,172,0,,,,table number,0,0,15,0,,0,,,
Rind. 1483.col. 2,dec/DataSet/Data/CAP1_R1483_C2,,,numeric,textfield,,,0,0,0,0,0,0,0,173,0,,,,table number,0,0,15,0,,0,,,
Rind. 1483.col. 3,dec/DataSet/Data/CAP1_R1483_C3,,,numeric,textfield,,,0,0,0,0,0,0,0,174,0,,,,table number,0,0,15,0,,0,,,
Rind. 1484.col. 1,dec/DataSet/Data/CAP1_R1484_C1,,,numeric,textfield,,,0,0,0,0,0,0,0,175,0,,,,table number,0,0,15,0,,0,,,
Rind. 1484.col. 2,dec/DataSet/Data/CAP1_R1484_C2,,,numeric,textfield,,,0,0,0,0,0,0,0,176,0,,,,table number,0,0,15,0,,0,,,
Rind. 1484.col. 3,dec/DataSet/Data/CAP1_R1484_C3,,,numeric,textfield,,,0,0,0,0,0,0,0,177,0,,,,table number,0,0,15,0,,0,,,
Rind. 1485.col. 1,dec/DataSet/Data/CAP1_R1485_C1,,,numeric,textfield,,,0,0,0,0,0,0,0,178,0,,,,table number,0,0,15,0,,0,,,
Rind. 1485.col. 2,dec/DataSet/Data/CAP1_R1485_C2,,,numeric,textfield,,,0,0,0,0,0,0,0,179,0,,,,table number,0,0,15,0,,0,,,
Rind. 1485.col. 3,dec/DataSet/Data/CAP1_R1485_C3,,,numeric,textfield,,,0,0,0,0,0,0,0,180,0,,,,table number,0,0,15,0,,0,,,
Rind. 1486.col. 1,dec/DataSet/Data/CAP1_R1486_C1,,,numeric,textfield,,,0,0,0,0,0,0,0,181,0,,,,table number,0,0,15,0,,0,,,
Rind. 1486.col. 2,dec/DataSet/Data/CAP1_R1486_C2,,,numeric,textfield,,,0,0,0,0,0,0,0,182,0,,,,table number,0,0,15,0,,0,,,
Rind. 1486.col. 3,dec/DataSet/Data/CAP1_R1486_C3,,,numeric,textfield,,,0,0,0,0,0,0,0,183,0,,,,table number,0,0,15,0,,0,,,
Rind. 1490.col. 1,dec/DataSet/Data/CAP1_R1490_C1,,,numeric,textfield,,,0,0,0,0,0,0,0,184,0,,,,table number,0,0,15,0,,0,,,
Rind. 1490.col. 2,dec/DataSet/Data/CAP1_R1490_C2,,,numeric,textfield,,,0,0,0,0,0,0,0,185,0,,,,table number,0,0,15,0,,0,,,
Rind. 1491.col. 2,dec/DataSet/Data/CAP1_R1491_C2,,,numeric,textfield,,,0,0,0,0,0,0,0,186,0,,,,table number,0,0,15,0,,0,,,
Rind. 1491.col. 3,dec/DataSet/Data/CAP1_R1491_C3,,,numeric,textfield,,,0,0,0,0,0,0,0,187,0,,,,table number,0,0,15,0,,0,,,
Rind. 1491.col. 5,dec/DataSet/Data/CAP1_R1491_C5,,,numeric,textfield,,,0,0,0,0,0,0,0,188,0,,,,table number,0,0,15,0,,0,,,
Rind. 1492.col. 2,dec/DataSet/Data/CAP1_R1492_C2,,,numeric,textfield,,,0,0,0,0,0,0,0,189,0,,,,table number,0,0,15,0,,0,,,
Rind. 1492.col. 3,dec/DataSet/Data/CAP1_R1492_C3,,,numeric,textfield,,,0,0,0,0,0,0,0,190,0,,,,table number,0,0,15,0,,0,,,
Rind. 1492.col. 4,dec/DataSet/Data/CAP1_R1492_C4,,,numeric,textfield,,,0,0,0,0,0,0,0,191,0,,,,table number,0,0,15,0,,0,,,
Rind. 1500.col. 1,dec/DataSet/Data/CAP1_R1500_C1,,,numeric,textfield,,,0,0,0,0,0,0,0,192,0,,,,table number,0,0,15,0,,0,,,
Rind. 1500.col. 2,dec/DataSet/Data/CAP1_R1500_C2,,,numeric,textfield,,,0,0,0,0,0,0,0,193,0,,,,table number,0,0,15,0,,0,,,
Rind. 1500.col. 3,dec/DataSet/Data/CAP1_R1500_C3,,,numeric,textfield,,,0,0,0,0,0,0,0,194,0,,,,table number,0,0,15,0,,0,,,
Rind. 1500.col. 4,dec/DataSet/Data/CAP1_R1500_C4,,,numeric,textfield,,,0,0,0,0,0,0,0,195,0,,,,table number,0,0,15,0,,0,,,
Rind. 1610.col. 1,dec/DataSet/Data/CAP1_R1610_C1,,,float,textfield,,,0,0,0,0,0,0,0,196,0,,,,table number,0,0,15,1,,0,,,
Rind. 1610.col. 2,dec/DataSet/Data/CAP1_R1610_C2,,,float,textfield,,,0,0,0,0,0,0,0,197,0,,,,table number,0,0,15,1,,0,,,
Rind. 1610.col. 3,dec/DataSet/Data/CAP1_R1610_C3,,,numeric,textfield,,,0,0,0,0,0,0,0,198,0,,,,table number,0,0,15,1,,0,,,
Rind. 1610.col. 5,dec/DataSet/Data/CAP1_R1610_C5,,,numeric,textfield,,,0,0,0,0,0,0,0,200,0,,,,table number,0,0,15,1,,0,,,
Rind. 1620.col. 1,dec/DataSet/Data/CAP1_R1620_C1,,,float,textfield,,,0,0,0,0,0,1,0,201,0,,,,table number,0,0,15,1,,0,,,
Rind. 1620.col. 2,dec/DataSet/Data/CAP1_R1620_C2,,,float,textfield,,,0,0,0,0,0,1,0,202,0,,,,table number,0,0,15,1,,0,,,
Rind. 1620.col. 3,dec/DataSet/Data/CAP1_R1620_C3,,,numeric,textfield,,,0,0,0,0,0,1,0,203,0,,,,table number,0,0,15,1,,0,,,
Rind. 1620.col. 5,dec/DataSet/Data/CAP1_R1620_C5,,,numeric,textfield,,,0,0,0,0,0,1,0,204,0,,,,table number,0,0,15,1,,0,,,
Rind. 1621.col. 1,dec/DataSet/Data/CAP1_R1621_C1,,,float,textfield,,,0,0,0,0,0,0,0,205,0,,,,table number,0,0,15,1,,0,,,
Rind. 1621.col. 2,dec/DataSet/Data/CAP1_R1621_C2,,,float,textfield,,,0,0,0,0,0,0,0,206,0,,,,table number,0,0,15,1,,0,,,
Rind. 1621.col. 3,dec/DataSet/Data/CAP1_R1621_C3,,,numeric,textfield,,,0,0,0,0,0,0,0,207,0,,,,table number,0,0,15,1,,0,,,
Rind. 1621.col. 5,dec/DataSet/Data/CAP1_R1621_C5,,,numeric,textfield,,,0,0,0,0,0,0,0,208,0,,,,table number,0,0,15,1,,0,,,
Rind. 1622.col. 1,dec/DataSet/Data/CAP1_R1622_C1,,,float,textfield,,,0,0,0,0,0,0,0,209,0,,,,table number,0,0,15,1,,0,,,
Rind. 1622.col. 2,dec/DataSet/Data/CAP1_R1622_C2,,,float,textfield,,,0,0,0,0,0,0,0,210,0,,,,table number,0,0,15,1,,0,,,
Rind. 1622.col. 3,dec/DataSet/Data/CAP1_R1622_C3,,,numeric,textfield,,,0,0,0,0,0,0,0,211,0,,,,table number,0,0,15,1,,0,,,
Rind. 1622.col. 5,dec/DataSet/Data/CAP1_R1622_C5,,,numeric,textfield,,,0,0,0,0,0,0,0,212,0,,,,table number,0,0,15,1,,0,,,
Rind. 1623.col. 1,dec/DataSet/Data/CAP1_R1623_C1,,,float,textfield,,,0,0,0,0,0,0,0,213,0,,,,table number,0,0,15,1,,0,,,
Rind. 1623.col. 2,dec/DataSet/Data/CAP1_R1623_C2,,,float,textfield,,,0,0,0,0,0,0,0,214,0,,,,table number,0,0,15,1,,0,,,
Rind. 1623.col. 3,dec/DataSet/Data/CAP1_R1623_C3,,,numeric,textfield,,,0,0,0,0,0,0,0,215,0,,,,table number,0,0,15,1,,0,,,
Rind. 1623.col. 5,dec/DataSet/Data/CAP1_R1623_C5,,,numeric,textfield,,,0,0,0,0,0,0,0,216,0,,,,table number,0,0,15,1,,0,,,
Rind. 1624.col. 1,dec/DataSet/Data/CAP1_R1624_C1,,,float,textfield,,,0,0,0,0,0,0,0,217,0,,,,table number,0,0,15,1,,0,,,
Rind. 1624.col. 2,dec/DataSet/Data/CAP1_R1624_C2,,,float,textfield,,,0,0,0,0,0,0,0,218,0,,,,table number,0,0,15,1,,0,,,
Rind. 1624.col. 3,dec/DataSet/Data/CAP1_R1624_C3,,,numeric,textfield,,,0,0,0,0,0,0,0,219,0,,,,table number,0,0,15,1,,0,,,
Rind. 1624.col. 5,dec/DataSet/Data/CAP1_R1624_C5,,,numeric,textfield,,,0,0,0,0,0,0,0,220,0,,,,table number,0,0,15,1,,0,,,
Rînd. 1625 col.1,dec/DataSet/Data/CAP1_R1625_C1,,,numeric,textfield,,,0,0,0,0,0,0,0,373,0,,,,table number,0,0,15,0,,0,,,
Rind. 1625.col. 2,dec/DataSet/Data/CAP1_R1625_C2,,,float,textfield,,,0,0,0,0,0,0,0,222,0,,,,table number,0,0,15,1,,0,,,
Rind. 1625.col. 3,dec/DataSet/Data/CAP1_R1625_C3,,,numeric,textfield,,,0,0,0,0,0,0,0,223,0,,,,table number,0,0,15,1,,0,,,
Rind. 1625.col. 5,dec/DataSet/Data/CAP1_R1625_C5,,,numeric,textfield,,,0,0,0,0,0,0,0,224,0,,,,table number,0,0,15,1,,0,,,
Rind. 1626.col. 1,dec/DataSet/Data/CAP1_R1626_C1,,,float,textfield,,,0,0,0,0,0,0,0,225,0,,,,table number,0,0,15,1,,0,,,
Rind. 1626.col. 2,dec/DataSet/Data/CAP1_R1626_C2,,,float,textfield,,,0,0,0,0,0,0,0,226,0,,,,table number,0,0,15,1,,0,,,
Rind. 1626.col. 3,dec/DataSet/Data/CAP1_R1626_C3,,,numeric,textfield,,,0,0,0,0,0,0,0,227,0,,,,table number,0,0,15,1,,0,,,
Rind. 1626.col. 5,dec/DataSet/Data/CAP1_R1626_C5,,,numeric,textfield,,,0,0,0,0,0,0,0,228,0,,,,table number,0,0,15,1,,0,,,
Rind. 1627.col. 1,dec/DataSet/Data/CAP1_R1627_C1,,,float,textfield,,,0,0,0,0,0,0,0,229,0,,,,table number,0,0,15,1,,0,,,
Rind. 1627.col. 2,dec/DataSet/Data/CAP1_R1627_C2,,,float,textfield,,,0,0,0,0,0,0,0,230,0,,,,table number,0,0,15,1,,0,,,
Rind. 1627.col. 3,dec/DataSet/Data/CAP1_R1627_C3,,,numeric,textfield,,,0,0,0,0,0,0,0,231,0,,,,table number,0,0,15,1,,0,,,
Rind. 1627.col. 5,dec/DataSet/Data/CAP1_R1627_C5,,,numeric,textfield,,,0,0,0,0,0,0,0,232,0,,,,table number,0,0,15,1,,0,,,
Rind. 1628.col. 1,dec/DataSet/Data/CAP1_R1628_C1,,,float,textfield,,,0,0,0,0,0,0,0,233,0,,,,table number,0,0,15,1,,0,,,
Rind. 1628.col. 2,dec/DataSet/Data/CAP1_R1628_C2,,,float,textfield,,,0,0,0,0,0,0,0,234,0,,,,table number,0,0,15,1,,0,,,
Rind. 1628.col. 3,dec/DataSet/Data/CAP1_R1628_C3,,,numeric,textfield,,,0,0,0,0,0,0,0,235,0,,,,table number,0,0,15,1,,0,,,
Rind. 1628.col. 5,dec/DataSet/Data/CAP1_R1628_C5,,,numeric,textfield,,,0,0,0,0,0,0,0,236,0,,,,table number,0,0,15,1,,0,,,
Rind. 1629.col. 1,dec/DataSet/Data/CAP1_R1629_C1,,,float,textfield,,,0,0,0,0,0,0,0,237,0,,,,table number,0,0,15,1,,0,,,
Rind. 1629.col. 2,dec/DataSet/Data/CAP1_R1629_C2,,,float,textfield,,,0,0,0,0,0,0,0,238,0,,,,table number,0,0,15,1,,0,,,
Rind. 1629.col. 3,dec/DataSet/Data/CAP1_R1629_C3,,,numeric,textfield,,,0,0,0,0,0,0,0,239,0,,,,table number,0,0,15,1,,0,,,
Rind. 1629.col. 5,dec/DataSet/Data/CAP1_R1629_C5,,,numeric,textfield,,,0,0,0,0,0,0,0,240,0,,,,table number,0,0,15,1,,0,,,
Rînd. 1630 col.1,dec/DataSet/Data/CAP1_R1630_C1,,,numeric,textfield,,,0,0,0,0,0,0,0,374,0,,,,table number,0,0,15,0,,0,,,
Rind. 1630.col. 2,dec/DataSet/Data/CAP1_R1630_C2,,,float,textfield,,,0,0,0,0,0,0,0,242,0,,,,table number,0,0,15,1,,0,,,
Rind. 1630.col. 3,dec/DataSet/Data/CAP1_R1630_C3,,,numeric,textfield,,,0,0,0,0,0,0,0,243,0,,,,table number,0,0,15,1,,0,,,
Rind. 1630.col. 5,dec/DataSet/Data/CAP1_R1630_C5,,,numeric,textfield,,,0,0,0,0,0,0,0,244,0,,,,table number,0,0,15,1,,0,,,
Rînd. 1631 col.1,dec/DataSet/Data/CAP1_R1631_C1,,,numeric,textfield,,,0,0,0,0,0,0,0,375,0,,,,table number,0,0,15,0,,0,,,
Rind. 1631.col. 2,dec/DataSet/Data/CAP1_R1631_C2,,,float,textfield,,,0,0,0,0,0,0,0,246,0,,,,table number,0,0,15,1,,0,,,
Rind. 1631.col. 3,dec/DataSet/Data/CAP1_R1631_C3,,,numeric,textfield,,,0,0,0,0,0,0,0,247,0,,,,table number,0,0,15,1,,0,,,
Rind. 1631.col. 5,dec/DataSet/Data/CAP1_R1631_C5,,,numeric,textfield,,,0,0,0,0,0,0,0,248,0,,,,table number,0,0,15,1,,0,,,
Rind. 1632.col. 1,dec/DataSet/Data/CAP1_R1632_C1,,,float,textfield,,,0,0,0,0,0,0,0,249,0,,,,table number,0,0,15,1,,0,,,
Rind. 1632.col. 2,dec/DataSet/Data/CAP1_R1632_C2,,,float,textfield,,,0,0,0,0,0,0,0,250,0,,,,table number,0,0,15,1,,0,,,
Rind. 1632.col. 3,dec/DataSet/Data/CAP1_R1632_C3,,,numeric,textfield,,,0,0,0,0,0,0,0,251,0,,,,table number,0,0,15,1,,0,,,
Rind. 1632.col. 5,dec/DataSet/Data/CAP1_R1632_C5,,,numeric,textfield,,,0,0,0,0,0,0,0,252,0,,,,table number,0,0,15,1,,0,,,
Rind. 1633.col. 1,dec/DataSet/Data/CAP1_R1633_C1,,,float,textfield,,,0,0,0,0,0,0,0,253,0,,,,table number,0,0,15,1,,0,,,
Rind. 1633.col. 2,dec/DataSet/Data/CAP1_R1633_C2,,,float,textfield,,,0,0,0,0,0,0,0,254,0,,,,table number,0,0,15,1,,0,,,
Rind. 1633.col. 3,dec/DataSet/Data/CAP1_R1633_C3,,,numeric,textfield,,,0,0,0,0,0,0,0,255,0,,,,table number,0,0,15,1,,0,,,
Rind. 1633.col. 5,dec/DataSet/Data/CAP1_R1633_C5,,,numeric,textfield,,,0,0,0,0,0,0,0,256,0,,,,table number,0,0,15,1,,0,,,
Rind. 1634.col. 1,dec/DataSet/Data/CAP1_R1634_C1,,,float,textfield,,,0,0,0,0,0,0,0,257,0,,,,table number,0,0,15,1,,0,,,
Rind. 1634.col. 2,dec/DataSet/Data/CAP1_R1634_C2,,,float,textfield,,,0,0,0,0,0,0,0,258,0,,,,table number,0,0,15,1,,0,,,
Rind. 1634.col. 3,dec/DataSet/Data/CAP1_R1634_C3,,,numeric,textfield,,,0,0,0,0,0,0,0,259,0,,,,table number,0,0,15,1,,0,,,
Rind. 1634.col. 5,dec/DataSet/Data/CAP1_R1634_C5,,,numeric,textfield,,,0,0,0,0,0,0,0,260,0,,,,table number,0,0,15,1,,0,,,
Rind. 1635.col. 1,dec/DataSet/Data/CAP1_R1635_C1,,,float,textfield,,,0,0,0,0,0,0,0,261,0,,,,table number,0,0,15,1,,0,,,
Rind. 1635.col. 2,dec/DataSet/Data/CAP1_R1635_C2,,,float,textfield,,,0,0,0,0,0,0,0,262,0,,,,table number,0,0,15,1,,0,,,
Rind. 1635.col. 3,dec/DataSet/Data/CAP1_R1635_C3,,,numeric,textfield,,,0,0,0,0,0,0,0,263,0,,,,table number,0,0,15,1,,0,,,
Rind. 1635.col. 5,dec/DataSet/Data/CAP1_R1635_C5,,,numeric,textfield,,,0,0,0,0,0,0,0,264,0,,,,table number,0,0,15,1,,0,,,
Rind. 1636.col. 1,dec/DataSet/Data/CAP1_R1636_C1,,,float,textfield,,,0,0,0,0,0,0,0,265,0,,,,table number,0,0,15,1,,0,,,
Rind. 1636.col. 2,dec/DataSet/Data/CAP1_R1636_C2,,,float,textfield,,,0,0,0,0,0,0,0,266,0,,,,table number,0,0,15,1,,0,,,
Rind. 1636.col. 3,dec/DataSet/Data/CAP1_R1636_C3,,,numeric,textfield,,,0,0,0,0,0,0,0,267,0,,,,table number,0,0,15,1,,0,,,
Rind. 1636.col. 5,dec/DataSet/Data/CAP1_R1636_C5,,,numeric,textfield,,,0,0,0,0,0,0,0,268,0,,,,table number,0,0,15,1,,0,,,
Rind. 1640.col. 1,dec/DataSet/Data/CAP1_R1640_C1,,,float,textfield,,,0,0,0,0,0,0,0,269,0,,,,table number,0,0,15,1,,0,,,
Rind. 1640.col. 2,dec/DataSet/Data/CAP1_R1640_C2,,,float,textfield,,,0,0,0,0,0,0,0,270,0,,,,table number,0,0,15,1,,0,,,
Rind. 1640.col. 3,dec/DataSet/Data/CAP1_R1640_C3,,,numeric,textfield,,,0,0,0,0,0,0,0,271,0,,,,table number,0,0,15,1,,0,,,
Rind. 1650.col. 1,dec/DataSet/Data/CAP1_R1650_C1,,,float,textfield,,,0,0,0,0,0,0,0,272,0,,,,table number,0,0,15,1,,0,,,
Rind. 1650.col. 2,dec/DataSet/Data/CAP1_R1650_C2,,,float,textfield,,,0,0,0,0,0,0,0,273,0,,,,table number,0,0,15,1,,0,,,
Rind. 1650.col. 3,dec/DataSet/Data/CAP1_R1650_C3,,,numeric,textfield,,,0,0,0,0,0,0,0,274,0,,,,table number,0,0,15,1,,0,,,
Rind. 1660.col. 1,dec/DataSet/Data/CAP1_R1660_C1,,,float,textfield,,,0,0,0,0,0,0,0,275,0,,,,table number,0,0,15,1,,0,,,
Rind. 1660.col. 2,dec/DataSet/Data/CAP1_R1660_C2,,,float,textfield,,,0,0,0,0,0,0,0,276,0,,,,table number,0,0,15,1,,0,,,
Rind. 1660.col. 3,dec/DataSet/Data/CAP1_R1660_C3,,,numeric,textfield,,,0,0,0,0,0,0,0,277,0,,,,table number,0,0,15,1,,0,,,
Rind. 1670.col. 1,dec/DataSet/Data/CAP1_R1670_C1,,,float,textfield,,,0,0,0,0,0,0,0,278,0,,,,table number,0,0,15,1,,0,,,
Rind. 1670.col. 2,dec/DataSet/Data/CAP1_R1670_C2,,,float,textfield,,,0,0,0,0,0,0,0,279,0,,,,table number,0,0,15,1,,0,,,
Rind. 1670.col. 3,dec/DataSet/Data/CAP1_R1670_C3,,,numeric,textfield,,,0,0,0,0,0,0,0,280,0,,,,table number,0,0,15,1,,0,,,
Rind. 1670.col. 5,dec/DataSet/Data/CAP1_R1670_C5,,,numeric,textfield,,,0,0,0,0,0,0,0,281,0,,,,table number,0,0,15,1,,0,,,
Rind. 1680.col. 1,dec/DataSet/Data/CAP1_R1680_C1,,,float,textfield,,,0,0,0,0,0,1,0,282,0,,,,table number,0,0,15,1,,0,,,
Rind. 1680.col. 2,dec/DataSet/Data/CAP1_R1680_C2,,,float,textfield,,,0,0,0,0,0,1,0,283,0,,,,table number,0,0,15,1,,0,,,
Rind. 1680.col. 3,dec/DataSet/Data/CAP1_R1680_C3,,,numeric,textfield,,,0,0,0,0,0,1,0,284,0,,,,table number,0,0,15,1,,0,,,
Rind. 1680.col. 5,dec/DataSet/Data/CAP1_R1680_C5,,,numeric,textfield,,,0,0,0,0,0,1,0,285,0,,,,table number,0,0,15,1,,0,,,
Rind. 1681.col. 1,dec/DataSet/Data/CAP1_R1681_C1,,,float,textfield,,,0,0,0,0,0,0,0,286,0,,,,table number,0,0,15,1,,0,,,
Rind. 1681.col. 2,dec/DataSet/Data/CAP1_R1681_C2,,,float,textfield,,,0,0,0,0,0,0,0,287,0,,,,table number,0,0,15,1,,0,,,
Rind. 1681.col. 3,dec/DataSet/Data/CAP1_R1681_C3,,,numeric,textfield,,,0,0,0,0,0,0,0,288,0,,,,table number,0,0,15,1,,0,,,
Rind. 1681.col. 5,dec/DataSet/Data/CAP1_R1681_C5,,,numeric,textfield,,,0,0,0,0,0,0,0,289,0,,,,table number,0,0,15,1,,0,,,
Rind. 1682.col. 1,dec/DataSet/Data/CAP1_R1682_C1,,,float,textfield,,,0,0,0,0,0,0,0,290,0,,,,table number,0,0,15,1,,0,,,
Rind. 1682.col. 2,dec/DataSet/Data/CAP1_R1682_C2,,,float,textfield,,,0,0,0,0,0,0,0,291,0,,,,table number,0,0,15,1,,0,,,
Rind. 1682.col. 3,dec/DataSet/Data/CAP1_R1682_C3,,,numeric,textfield,,,0,0,0,0,0,0,0,292,0,,,,table number,0,0,15,1,,0,,,
Rind. 1682.col. 5,dec/DataSet/Data/CAP1_R1682_C5,,,numeric,textfield,,,0,0,0,0,0,0,0,293,0,,,,table number,0,0,15,1,,0,,,
Rind. 1690.col. 1,dec/DataSet/Data/CAP1_R1690_C1,,,float,textfield,,,0,0,0,0,0,0,0,294,0,,,,table number,0,0,15,1,,0,,,
Rind. 1690.col. 2,dec/DataSet/Data/CAP1_R1690_C2,,,float,textfield,,,0,0,0,0,0,0,0,295,0,,,,table number,0,0,15,1,,0,,,
Rind. 1690.col. 3,dec/DataSet/Data/CAP1_R1690_C3,,,numeric,textfield,,,0,0,0,0,0,0,0,296,0,,,,table number,0,0,15,1,,0,,,
Rind. 1700.col. 1,dec/DataSet/Data/CAP1_R1700_C1,,,float,textfield,,,0,0,0,0,0,1,0,297,0,,,,table number,0,0,15,1,,0,,,
Rind. 1800.col. 3,dec/DataSet/Data/CAP1_R1800_C3,,,numeric,textfield,,,0,0,0,0,0,1,0,298,0,,,,table number,0,0,15,1,,0,,,
Rind. 1800.col. 5,dec/DataSet/Data/CAP1_R1800_C5,,,numeric,textfield,,,0,0,0,0,0,1,0,299,0,,,,table number,0,0,15,1,,0,,,
Rind. 1900.col. 1,dec/DataSet/Data/CAP1_R1900_C1,,,numeric,textfield,,,0,0,0,0,0,1,0,300,0,,,,table number,0,0,15,0,,0,,,
Rind. 1900.col. 2,dec/DataSet/Data/CAP1_R1900_C2,,,numeric,textfield,,,0,0,0,0,0,0,0,301,0,,,,table number,0,0,15,0,,0,,,
Rind. 1900.col. 3,dec/DataSet/Data/CAP1_R1900_C3,,,numeric,textfield,,,0,0,0,0,0,0,0,302,0,,,,table number,0,0,15,0,,0,,,
Rind. 1900.col. 5,dec/DataSet/Data/CAP1_R1900_C5,,,numeric,textfield,,,0,0,0,0,0,0,0,303,0,,,,table number,0,0,15,0,,0,,,
Rind. 1910.col. 1,dec/DataSet/Data/CAP1_R1910_C1,,,numeric,textfield,,,0,0,0,0,0,0,0,304,0,,,,table number,0,0,15,0,,0,,,
Rind. 1910.col. 2,dec/DataSet/Data/CAP1_R1910_C2,,,numeric,textfield,,,0,0,0,0,0,0,0,305,0,,,,table number,0,0,15,0,,0,,,
Rind. 1910.col. 3,dec/DataSet/Data/CAP1_R1910_C3,,,numeric,textfield,,,0,0,0,0,0,0,0,306,0,,,,table number,0,0,15,0,,0,,,
Rind. 1910.col. 5,dec/DataSet/Data/CAP1_R1910_C5,,,numeric,textfield,,,0,0,0,0,0,0,0,307,0,,,,table number,0,0,15,0,,0,,,
Rind. 1920.col. 1,dec/DataSet/Data/CAP1_R1920_C1,,,numeric,textfield,,,0,0,0,0,0,0,0,308,0,,,,table number,0,0,15,0,,0,,,
Rind. 1920.col. 2,dec/DataSet/Data/CAP1_R1920_C2,,,numeric,textfield,,,0,0,0,0,0,0,0,309,0,,,,table number,0,0,15,0,,0,,,
Rind. 1920.col. 3,dec/DataSet/Data/CAP1_R1920_C3,,,numeric,textfield,,,0,0,0,0,0,0,0,310,0,,,,table number,0,0,15,0,,0,,,
Rind. 1920.col. 5,dec/DataSet/Data/CAP1_R1920_C5,,,numeric,textfield,,,0,0,0,0,0,0,0,311,0,,,,table number,0,0,15,0,,0,,,
Rind. 1930.col. 1,dec/DataSet/Data/CAP1_R1930_C1,,,numeric,textfield,,,0,0,0,0,0,0,0,312,0,,,,table number,0,0,15,0,,0,,,
Rind. 1930.col. 2,dec/DataSet/Data/CAP1_R1930_C2,,,numeric,textfield,,,0,0,0,0,0,0,0,313,0,,,,table number,0,0,15,0,,0,,,
Rind. 1930.col. 3,dec/DataSet/Data/CAP1_R1930_C3,,,numeric,textfield,,,0,0,0,0,0,0,0,314,0,,,,table number,0,0,15,0,,0,,,
Rind. 1930.col. 5,dec/DataSet/Data/CAP1_R1930_C5,,,numeric,textfield,,,0,0,0,0,0,0,0,315,0,,,,table number,0,0,15,0,,0,,,
Rind. 1940.col. 1,dec/DataSet/Data/CAP1_R1940_C1,,,numeric,textfield,,,0,0,0,0,0,0,0,316,0,,,,table number,0,0,15,0,,0,,,
Rind. 1940.col. 2,dec/DataSet/Data/CAP1_R1940_C2,,,numeric,textfield,,,0,0,0,0,0,0,0,317,0,,,,table number,0,0,15,0,,0,,,
Rind. 1940.col. 3,dec/DataSet/Data/CAP1_R1940_C3,,,numeric,textfield,,,0,0,0,0,0,0,0,318,0,,,,table number,0,0,15,0,,0,,,
Rind. 1940.col. 5,dec/DataSet/Data/CAP1_R1940_C5,,,numeric,textfield,,,0,0,0,0,0,0,0,319,0,,,,table number,0,0,15,0,,0,,,
Rind. 1950.col. 1,dec/DataSet/Data/CAP1_R1950_C1,,,numeric,textfield,,,0,0,0,0,0,0,0,320,0,,,,table number,0,0,15,0,,0,,,
Rind. 1951.col. 2,dec/DataSet/Data/CAP1_R1951_C2,,,numeric,textfield,,,0,0,0,0,0,0,0,321,0,,,,table number,0,0,15,0,,0,,,
Rind. 1951.col. 3,dec/DataSet/Data/CAP1_R1951_C3,,,numeric,textfield,,,0,0,0,0,0,0,0,322,0,,,,table number,0,0,15,0,,0,,,
Rind. 1951.col. 5,dec/DataSet/Data/CAP1_R1951_C5,,,numeric,textfield,,,0,0,0,0,0,0,0,323,0,,,,table number,0,0,15,0,,0,,,
Rind. 1952.col. 2,dec/DataSet/Data/CAP1_R1952_C2,,,numeric,textfield,,,0,0,0,0,0,0,0,324,0,,,,table number,0,0,15,0,,0,,,
Rind. 1952.col. 3,dec/DataSet/Data/CAP1_R1952_C3,,,numeric,textfield,,,0,0,0,0,0,0,0,325,0,,,,table number,0,0,15,0,,0,,,
Rind. 1952.col. 5,dec/DataSet/Data/CAP1_R1952_C5,,,numeric,textfield,,,0,0,0,0,0,0,0,326,0,,,,table number,0,0,15,0,,0,,,
Rind. 1953.col. 2,dec/DataSet/Data/CAP1_R1953_C2,,,numeric,textfield,,,0,0,0,0,0,0,0,327,0,,,,table number,0,0,15,0,,0,,,
Rind. 1953.col. 4,dec/DataSet/Data/CAP1_R1953_C4,,,numeric,textfield,,,0,0,0,0,0,0,0,328,0,,,,table number,0,0,15,0,,0,,,
Rind. 1960.col. 1,dec/DataSet/Data/CAP1_R1960_C1,,,numeric,textfield,,,0,0,0,0,0,0,0,329,0,,,,table number,0,0,15,0,,0,,,
Rind. 1960.col. 2,dec/DataSet/Data/CAP1_R1960_C2,,,numeric,textfield,,,0,0,0,0,0,0,0,330,0,,,,table number,0,0,15,0,,0,,,
Rind. 1960.col. 3,dec/DataSet/Data/CAP1_R1960_C3,,,numeric,textfield,,,0,0,0,0,0,0,0,331,0,,,,table number,0,0,15,0,,0,,,
Rind. 1960.col. 5,dec/DataSet/Data/CAP1_R1960_C5,,,numeric,textfield,,,0,0,0,0,0,0,0,332,0,,,,table number,0,0,15,0,,0,,,
Rind. 2000.col. 1,dec/DataSet/Data/CAP1_R2000_C1,,,numeric,textfield,,,0,0,0,0,0,1,0,333,0,,,,table number,0,0,15,0,,0,,,
Rind. 2100.col. 1,dec/DataSet/Data/CAP1_R2100_C1,,,numeric,textfield,,,0,0,0,0,0,0,0,334,0,,,,table number,0,0,15,0,,0,,,
Rind. 3000.col. 3,dec/DataSet/Data/CAP1_R3000_C3,,,numeric,textfield,,,0,0,0,0,0,0,0,335,0,,,,table number,0,0,15,0,,0,,,
Rind. 4000.col. 3,dec/DataSet/Data/CAP1_R4000_C3,,,numeric,textfield,,,0,0,0,0,0,0,0,336,0,,,,table number,0,0,15,0,,0,,,
Rind. 5000.col. 1,dec/DataSet/Data/CAP1_R5000_C1,,,numeric,textfield,,,0,0,0,0,0,0,0,337,0,,,,table number,0,0,15,0,,0,,,
Rind. 5100.col. 1,dec/DataSet/Data/CAP1_R5100_C1,,,numeric,textfield,,,0,0,0,0,0,0,0,338,0,,,,table number,0,0,15,0,,0,,,
Rind. 6100.col. 1,dec/DataSet/Data/CAP1_R6100_C1,,,numeric,textfield,,,0,0,0,0,0,1,0,339,0,,,,table number,0,0,15,0,,0,,,
Rind. 6100.col. 2,dec/DataSet/Data/CAP1_R6100_C2,,,numeric,textfield,,,0,0,0,0,0,1,0,340,0,,,,table number,0,0,15,0,,0,,,
Rind. 6110.col. 1,dec/DataSet/Data/CAP1_R6110_C1,,,numeric,textfield,,,0,0,0,0,0,0,0,341,0,,,,table number,0,0,15,0,,0,,,
Rind. 6110.col. 2,dec/DataSet/Data/CAP1_R6110_C2,,,numeric,textfield,,,0,0,0,0,0,0,0,342,0,,,,table number,0,0,15,0,,0,,,
Rind. 6120.col. 1,dec/DataSet/Data/CAP1_R6120_C1,,,numeric,textfield,,,0,0,0,0,0,0,0,343,0,,,,table number,0,0,15,0,,0,,,
Rind. 6120.col. 2,dec/DataSet/Data/CAP1_R6120_C2,,,numeric,textfield,,,0,0,0,0,0,0,0,344,0,,,,table number,0,0,15,0,,0,,,
Rind. 6130.col. 1,dec/DataSet/Data/CAP1_R6130_C1,,,numeric,textfield,,,0,0,0,0,0,0,0,345,0,,,,table number,0,0,15,0,,0,,,
Rind. 6130.col. 2,dec/DataSet/Data/CAP1_R6130_C2,,,numeric,textfield,,,0,0,0,0,0,0,0,346,0,,,,table number,0,0,15,0,,0,,,
Rind. 6200.col. 1,dec/DataSet/Data/CAP1_R6200_C1,,,numeric,textfield,,,0,0,0,0,0,0,0,347,0,,,,table number,0,0,15,0,,0,,,
Rind. 6200.col. 2,dec/DataSet/Data/CAP1_R6200_C2,,,numeric,textfield,,,0,0,0,0,0,0,0,348,0,,,,table number,0,0,15,0,,0,,,
Rind. 6300.col. 1,dec/DataSet/Data/CAP1_R6300_C1,,,numeric,textfield,,,0,0,0,0,0,0,0,349,0,,,,table number,0,0,15,0,,0,,,
Rind. 6300.col. 2,dec/DataSet/Data/CAP1_R6300_C2,,,numeric,textfield,,,0,0,0,0,0,0,0,350,0,,,,table number,0,0,15,0,,0,,,
Rind. 6400.col. 1,dec/DataSet/Data/CAP1_R6400_C1,,,numeric,textfield,,,0,0,0,0,0,0,0,351,0,,,,table number,0,0,15,0,,0,,,
Rind. 6400.col. 2,dec/DataSet/Data/CAP1_R6400_C2,,,numeric,textfield,,,0,0,0,0,0,0,0,352,0,,,,table number,0,0,15,0,,0,,,
Rind. 6500.col. 1,dec/DataSet/Data/CAP1_R6500_C1,,,numeric,textfield,,,0,0,0,0,0,0,0,353,0,,,,table number,0,0,15,0,,0,,,
Rind. 6500.col. 2,dec/DataSet/Data/CAP1_R6500_C2,,,numeric,textfield,,,0,0,0,0,0,0,0,354,0,,,,table number,0,0,15,0,,0,,,
Rind. 6600.col. 1,dec/DataSet/Data/CAP1_R6600_C1,,,numeric,textfield,,,0,0,0,0,0,0,0,355,0,,,,table number,0,0,15,0,,0,,,
Rind. 6600.col. 2,dec/DataSet/Data/CAP1_R6600_C2,,,numeric,textfield,,,0,0,0,0,0,0,0,356,0,,,,table number,0,0,15,0,,0,,,
Rind. 6700.col. 1,dec/DataSet/Data/CAP1_R6700_C1,,,numeric,textfield,,,0,0,0,0,0,0,0,357,0,,,,table number,0,0,15,0,,0,,,
Rind. 6700.col. 2,dec/DataSet/Data/CAP1_R6700_C2,,,numeric,textfield,,,0,0,0,0,0,0,0,358,0,,,,table number,0,0,15,0,,0,,,
Rind. 7100.col. 1,dec/DataSet/Data/CAP2_R7100_C1,,,numeric,textfield,,,0,0,0,0,0,1,0,363,0,,,,table number,0,0,15,0,,0,,,
Rind. 7100.col. 2,dec/DataSet/Data/CAP2_R7100_C2,,,numeric,textfield,,,0,0,0,0,0,1,0,364,0,,,,table number,0,0,15,0,,0,,,
Rind. 7100.col. 3,dec/DataSet/Data/CAP2_R7100_C3,,,numeric,textfield,,,0,0,0,0,0,1,0,365,0,,,,table number,0,0,15,0,,0,,,
Rind. 7100.col. 4,dec/DataSet/Data/CAP2_R7100_C4,,,numeric,textfield,,,0,0,0,0,0,1,0,366,0,,,,table number,0,0,15,0,,0,,,
Rind. 7110.col. 1,dec/DataSet/Data/CAP2_R7110_C1,,,numeric,textfield,,,0,0,0,0,0,0,0,367,0,,,,table number,0,0,15,0,,0,,,
Rind. 7110.col. 2,dec/DataSet/Data/CAP2_R7110_C2,,,numeric,textfield,,,0,0,0,0,0,0,0,368,0,,,,table number,0,0,15,0,,0,,,
Rind. 7110.col. 3,dec/DataSet/Data/CAP2_R7110_C3,,,numeric,textfield,,,0,0,0,0,0,0,0,369,0,,,,table number,0,0,15,0,,0,,,
Rind. 7110.col. 4,dec/DataSet/Data/CAP2_R7110_C4,,,numeric,textfield,,,0,0,0,0,0,0,0,370,0,,,,table number,0,0,15,0,,0,,,
Rind. 7120.col. 1,dec/DataSet/Data/CAP2_R7120_C1,,,numeric,textfield,,,0,0,0,0,0,0,0,371,0,,,,table number,0,0,15,0,,0,,,
Rind. 7120.col. 2,dec/DataSet/Data/CAP2_R7120_C2,,,numeric,textfield,,,0,0,0,0,0,0,0,372,0,,,,table number,0,0,15,0,,0,,,
Rind. 7120.col. 3,dec/DataSet/Data/CAP2_R7120_C3,,,numeric,textfield,,,0,0,0,0,0,0,0,373,0,,,,table number,0,0,15,0,,0,,,
Rind. 7120.col. 4,dec/DataSet/Data/CAP2_R7120_C4,,,numeric,textfield,,,0,0,0,0,0,0,0,374,0,,,,table number,0,0,15,0,,0,,,
Rind. 7130.col. 1,dec/DataSet/Data/CAP2_R7130_C1,,,numeric,textfield,,,0,0,0,0,0,0,0,375,0,,,,table number,0,0,15,0,,0,,,
Rind. 7130.col. 2,dec/DataSet/Data/CAP2_R7130_C2,,,numeric,textfield,,,0,0,0,0,0,0,0,376,0,,,,table number,0,0,15,0,,0,,,
Rind. 7130.col. 3,dec/DataSet/Data/CAP2_R7130_C3,,,numeric,textfield,,,0,0,0,0,0,0,0,377,0,,,,table number,0,0,15,0,,0,,,
Rind. 7130.col. 4,dec/DataSet/Data/CAP2_R7130_C4,,,numeric,textfield,,,0,0,0,0,0,0,0,378,0,,,,table number,0,0,15,0,,0,,,
Rind. 7140.col. 1,dec/DataSet/Data/CAP2_R7140_C1,,,numeric,textfield,,,0,0,0,0,0,0,0,379,0,,,,table number,0,0,15,0,,0,,,
Rind. 7140.col. 2,dec/DataSet/Data/CAP2_R7140_C2,,,numeric,textfield,,,0,0,0,0,0,0,0,380,0,,,,table number,0,0,15,0,,0,,,
Rind. 7140.col. 3,dec/DataSet/Data/CAP2_R7140_C3,,,numeric,textfield,,,0,0,0,0,0,0,0,381,0,,,,table number,0,0,15,0,,0,,,
Rind. 7140.col. 4,dec/DataSet/Data/CAP2_R7140_C4,,,numeric,textfield,,,0,0,0,0,0,0,0,382,0,,,,table number,0,0,15,0,,0,,,
Rind. 7200.col. 1,dec/DataSet/Data/CAP2_R7200_C1,,,numeric,textfield,,,0,0,0,0,0,1,0,383,0,,,,table number,0,0,15,0,,0,,,
Rind. 7200.col. 2,dec/DataSet/Data/CAP2_R7200_C2,,,numeric,textfield,,,0,0,0,0,0,1,0,384,0,,,,table number,0,0,15,0,,0,,,
Rind. 7200.col. 3,dec/DataSet/Data/CAP2_R7200_C3,,,numeric,textfield,,,0,0,0,0,0,1,0,385,0,,,,table number,0,0,15,0,,0,,,
Rind. 7200.col. 4,dec/DataSet/Data/CAP2_R7200_C4,,,numeric,textfield,,,0,0,0,0,0,1,0,386,0,,,,table number,0,0,15,0,,0,,,
Rind. 7210.col. 1,dec/DataSet/Data/CAP2_R7210_C1,,,numeric,textfield,,,0,0,0,0,0,0,0,387,0,,,,table number,0,0,15,0,,0,,,
Rind. 7210.col. 2,dec/DataSet/Data/CAP2_R7210_C2,,,numeric,textfield,,,0,0,0,0,0,0,0,388,0,,,,table number,0,0,15,0,,0,,,
Rind. 7210.col. 3,dec/DataSet/Data/CAP2_R7210_C3,,,numeric,textfield,,,0,0,0,0,0,0,0,389,0,,,,table number,0,0,15,0,,0,,,
Rind. 7210.col. 4,dec/DataSet/Data/CAP2_R7210_C4,,,numeric,textfield,,,0,0,0,0,0,0,0,390,0,,,,table number,0,0,15,0,,0,,,
Rind. 7220.col. 1,dec/DataSet/Data/CAP2_R7220_C1,,,numeric,textfield,,,0,0,0,0,0,0,0,391,0,,,,table number,0,0,15,0,,0,,,
Rind. 7220.col. 2,dec/DataSet/Data/CAP2_R7220_C2,,,numeric,textfield,,,0,0,0,0,0,0,0,392,0,,,,table number,0,0,15,0,,0,,,
Rind. 7220.col. 3,dec/DataSet/Data/CAP2_R7220_C3,,,numeric,textfield,,,0,0,0,0,0,0,0,393,0,,,,table number,0,0,15,0,,0,,,
Rind. 7220.col. 4,dec/DataSet/Data/CAP2_R7220_C4,,,numeric,textfield,,,0,0,0,0,0,0,0,394,0,,,,table number,0,0,15,0,,0,,,
Rind. 7230.col. 1,dec/DataSet/Data/CAP2_R7230_C1,,,numeric,textfield,,,0,0,0,0,0,0,0,395,0,,,,table number,0,0,15,0,,0,,,
Rind. 7230.col. 2,dec/DataSet/Data/CAP2_R7230_C2,,,numeric,textfield,,,0,0,0,0,0,0,0,396,0,,,,table number,0,0,15,0,,0,,,
Rind. 7230.col. 3,dec/DataSet/Data/CAP2_R7230_C3,,,numeric,textfield,,,0,0,0,0,0,0,0,397,0,,,,table number,0,0,15,0,,0,,,
Rind. 7230.col. 4,dec/DataSet/Data/CAP2_R7230_C4,,,numeric,textfield,,,0,0,0,0,0,0,0,398,0,,,,table number,0,0,15,0,,0,,,
Rind. 7240.col. 1,dec/DataSet/Data/CAP2_R7240_C1,,,numeric,textfield,,,0,0,0,0,0,0,0,399,0,,,,table number,0,0,15,0,,0,,,
Rind. 7240.col. 2,dec/DataSet/Data/CAP2_R7240_C2,,,numeric,textfield,,,0,0,0,0,0,0,0,400,0,,,,table number,0,0,15,0,,0,,,
Rind. 7240.col. 3,dec/DataSet/Data/CAP2_R7240_C3,,,numeric,textfield,,,0,0,0,0,0,0,0,401,0,,,,table number,0,0,15,0,,0,,,
Rind. 7240.col. 4,dec/DataSet/Data/CAP2_R7240_C4,,,numeric,textfield,,,0,0,0,0,0,0,0,402,0,,,,table number,0,0,15,0,,0,,,
Rind. 7250.col. 1,dec/DataSet/Data/CAP2_R7250_C1,,,numeric,textfield,,,0,0,0,0,0,0,0,403,0,,,,table number,0,0,15,0,,0,,,
Rind. 7250.col. 2,dec/DataSet/Data/CAP2_R7250_C2,,,numeric,textfield,,,0,0,0,0,0,0,0,404,0,,,,table number,0,0,15,0,,0,,,
Rind. 7250.col. 3,dec/DataSet/Data/CAP2_R7250_C3,,,numeric,textfield,,,0,0,0,0,0,0,0,405,0,,,,table number,0,0,15,0,,0,,,
Rind. 7250.col. 4,dec/DataSet/Data/CAP2_R7250_C4,,,numeric,textfield,,,0,0,0,0,0,0,0,406,0,,,,table number,0,0,15,0,,0,,,
Rind. 7260.col. 1,dec/DataSet/Data/CAP2_R7260_C1,,,numeric,textfield,,,0,0,0,0,0,0,0,403,0,,,,table number,0,0,15,0,,0,,,
Rind. 7260.col. 2,dec/DataSet/Data/CAP2_R7260_C2,,,numeric,textfield,,,0,0,0,0,0,0,0,403,0,,,,table number,0,0,15,0,,0,,,
Rind. 7260.col. 3,dec/DataSet/Data/CAP2_R7260_C3,,,numeric,textfield,,,0,0,0,0,0,0,0,403,0,,,,table number,0,0,15,0,,0,,,
Rind. 7260.col. 4,dec/DataSet/Data/CAP2_R7260_C4,,,numeric,textfield,,,0,0,0,0,0,0,0,403,0,,,,table number,0,0,15,0,,0,,,
Rind. 7300.col. 1,dec/DataSet/Data/CAP2_R7300_C1,,,numeric,textfield,,,0,0,0,0,0,1,0,407,0,,,,table number,0,0,15,0,,0,,,
Rind. 7300.col. 2,dec/DataSet/Data/CAP2_R7300_C2,,,numeric,textfield,,,0,0,0,0,0,1,0,408,0,,,,table number,0,0,15,0,,0,,,
Rind. 7300.col. 3,dec/DataSet/Data/CAP2_R7300_C3,,,numeric,textfield,,,0,0,0,0,0,1,0,409,0,,,,table number,0,0,15,0,,0,,,
Rind. 7300.col. 4,dec/DataSet/Data/CAP2_R7300_C4,,,numeric,textfield,,,0,0,0,0,0,1,0,410,0,,,,table number,0,0,15,0,,0,,,
Rind. 7310.col. 1,dec/DataSet/Data/CAP2_R7310_C1,,,numeric,textfield,,,0,0,0,0,0,0,0,411,0,,,,table number,0,0,15,0,,0,,,
Rind. 7310.col. 2,dec/DataSet/Data/CAP2_R7310_C2,,,numeric,textfield,,,0,0,0,0,0,0,0,412,0,,,,table number,0,0,15,0,,0,,,
Rind. 7310.col. 3,dec/DataSet/Data/CAP2_R7310_C3,,,numeric,textfield,,,0,0,0,0,0,0,0,413,0,,,,table number,0,0,15,0,,0,,,
Rind. 7310.col. 4,dec/DataSet/Data/CAP2_R7310_C4,,,numeric,textfield,,,0,0,0,0,0,0,0,414,0,,,,table number,0,0,15,0,,0,,,
Rind. 7320.col. 1,dec/DataSet/Data/CAP2_R7320_C1,,,numeric,textfield,,,0,0,0,0,0,0,0,415,0,,,,table number,0,0,15,0,,0,,,
Rind. 7320.col. 2,dec/DataSet/Data/CAP2_R7320_C2,,,numeric,textfield,,,0,0,0,0,0,0,0,416,0,,,,table number,0,0,15,0,,0,,,
Rind. 7320.col. 3,dec/DataSet/Data/CAP2_R7320_C3,,,numeric,textfield,,,0,0,0,0,0,0,0,417,0,,,,table number,0,0,15,0,,0,,,
Rind. 7320.col. 4,dec/DataSet/Data/CAP2_R7320_C4,,,numeric,textfield,,,0,0,0,0,0,0,0,418,0,,,,table number,0,0,15,0,,0,,,
Rind. 7330.col. 1,dec/DataSet/Data/CAP2_R7330_C1,,,numeric,textfield,,,0,0,0,0,0,0,0,419,0,,,,table number,0,0,15,0,,0,,,
Rind. 7330.col. 2,dec/DataSet/Data/CAP2_R7330_C2,,,numeric,textfield,,,0,0,0,0,0,0,0,420,0,,,,table number,0,0,15,0,,0,,,
Rind. 7330.col. 3,dec/DataSet/Data/CAP2_R7330_C3,,,numeric,textfield,,,0,0,0,0,0,0,0,421,0,,,,table number,0,0,15,0,,0,,,
Rind. 7330.col. 4,dec/DataSet/Data/CAP2_R7330_C4,,,numeric,textfield,,,0,0,0,0,0,0,0,422,0,,,,table number,0,0,15,0,,0,,,
Rind. 7400.col. 1,dec/DataSet/Data/CAP2_R7400_C1,,,numeric,textfield,,,0,0,0,0,0,1,0,423,0,,,,table number,0,0,15,0,,0,,,
Rind. 7400.col. 2,dec/DataSet/Data/CAP2_R7400_C2,,,numeric,textfield,,,0,0,0,0,0,1,0,424,0,,,,table number,0,0,15,0,,0,,,
Rind. 7400.col. 3,dec/DataSet/Data/CAP2_R7400_C3,,,numeric,textfield,,,0,0,0,0,0,1,0,425,0,,,,table number,0,0,15,0,,0,,,
Rind. 7400.col. 4,dec/DataSet/Data/CAP2_R7400_C4,,,numeric,textfield,,,0,0,0,0,0,1,0,426,0,,,,table number,0,0,15,0,,0,,,
Rind. 7410.col. 1,dec/DataSet/Data/CAP2_R7410_C1,,,numeric,textfield,,,0,0,0,0,0,0,0,427,0,,,,table number,0,0,15,0,,0,,,
Rind. 7410.col. 2,dec/DataSet/Data/CAP2_R7410_C2,,,numeric,textfield,,,0,0,0,0,0,0,0,428,0,,,,table number,0,0,15,0,,0,,,
Rind. 7410.col. 3,dec/DataSet/Data/CAP2_R7410_C3,,,numeric,textfield,,,0,0,0,0,0,0,0,429,0,,,,table number,0,0,15,0,,0,,,
Rind. 7410.col. 4,dec/DataSet/Data/CAP2_R7410_C4,,,numeric,textfield,,,0,0,0,0,0,0,0,430,0,,,,table number,0,0,15,0,,0,,,
Rind. 7420.col. 1,dec/DataSet/Data/CAP2_R7420_C1,,,numeric,textfield,,,0,0,0,0,0,0,0,431,0,,,,table number,0,0,15,0,,0,,,
Rind. 7420.col. 2,dec/DataSet/Data/CAP2_R7420_C2,,,numeric,textfield,,,0,0,0,0,0,0,0,432,0,,,,table number,0,0,15,0,,0,,,
Rind. 7420.col. 3,dec/DataSet/Data/CAP2_R7420_C3,,,numeric,textfield,,,0,0,0,0,0,0,0,433,0,,,,table number,0,0,15,0,,0,,,
Rind. 7420.col. 4,dec/DataSet/Data/CAP2_R7420_C4,,,numeric,textfield,,,0,0,0,0,0,0,0,434,0,,,,table number,0,0,15,0,,0,,,
Rind. 7430.col. 1,dec/DataSet/Data/CAP2_R7430_C1,,,numeric,textfield,,,0,0,0,0,0,0,0,435,0,,,,table number,0,0,15,0,,0,,,
Rind. 7430.col. 2,dec/DataSet/Data/CAP2_R7430_C2,,,numeric,textfield,,,0,0,0,0,0,0,0,436,0,,,,table number,0,0,15,0,,0,,,
Rind. 7430.col. 3,dec/DataSet/Data/CAP2_R7430_C3,,,numeric,textfield,,,0,0,0,0,0,0,0,437,0,,,,table number,0,0,15,0,,0,,,
Rind. 7430.col. 4,dec/DataSet/Data/CAP2_R7430_C4,,,numeric,textfield,,,0,0,0,0,0,0,0,438,0,,,,table number,0,0,15,0,,0,,,
Rind. 7440.col. 1,dec/DataSet/Data/CAP2_R7440_C1,,,numeric,textfield,,,0,0,0,0,0,0,0,439,0,,,,table number,0,0,15,0,,0,,,
Rind. 7440.col. 2,dec/DataSet/Data/CAP2_R7440_C2,,,numeric,textfield,,,0,0,0,0,0,0,0,440,0,,,,table number,0,0,15,0,,0,,,
Rind. 7440.col. 3,dec/DataSet/Data/CAP2_R7440_C3,,,numeric,textfield,,,0,0,0,0,0,0,0,441,0,,,,table number,0,0,15,0,,0,,,
Rind. 7440.col. 4,dec/DataSet/Data/CAP2_R7440_C4,,,numeric,textfield,,,0,0,0,0,0,0,0,442,0,,,,table number,0,0,15,0,,0,,,
Rind. 7450.col. 1,dec/DataSet/Data/CAP2_R7450_C1,,,numeric,textfield,,,0,0,0,0,0,0,0,443,0,,,,table number,0,0,15,0,,0,,,
Rind. 7450.col. 2,dec/DataSet/Data/CAP2_R7450_C2,,,numeric,textfield,,,0,0,0,0,0,0,0,444,0,,,,table number,0,0,15,0,,0,,,
Rind. 7450.col. 3,dec/DataSet/Data/CAP2_R7450_C3,,,numeric,textfield,,,0,0,0,0,0,0,0,445,0,,,,table number,0,0,15,0,,0,,,
Rind. 7450.col. 4,dec/DataSet/Data/CAP2_R7450_C4,,,numeric,textfield,,,0,0,0,0,0,0,0,446,0,,,,table number,0,0,15,0,,0,,,
Rind. 7460.col. 1,dec/DataSet/Data/CAP2_R7460_C1,,,numeric,textfield,,,0,0,0,0,0,0,0,447,0,,,,table number,0,0,15,0,,0,,,
Rind. 7460.col. 2,dec/DataSet/Data/CAP2_R7460_C2,,,numeric,textfield,,,0,0,0,0,0,0,0,448,0,,,,table number,0,0,15,0,,0,,,
Rind. 7460.col. 3,dec/DataSet/Data/CAP2_R7460_C3,,,numeric,textfield,,,0,0,0,0,0,0,0,449,0,,,,table number,0,0,15,0,,0,,,
Rind. 7460.col. 4,dec/DataSet/Data/CAP2_R7460_C4,,,numeric,textfield,,,0,0,0,0,0,0,0,450,0,,,,table number,0,0,15,0,,0,,,
Rind. 7470.col. 1,dec/DataSet/Data/CAP2_R7470_C1,,,numeric,textfield,,,0,0,0,0,0,0,0,451,0,,,,table number,0,0,15,0,,0,,,
Rind. 7470.col. 2,dec/DataSet/Data/CAP2_R7470_C2,,,numeric,textfield,,,0,0,0,0,0,0,0,452,0,,,,table number,0,0,15,0,,0,,,
Rind. 7470.col. 3,dec/DataSet/Data/CAP2_R7470_C3,,,numeric,textfield,,,0,0,0,0,0,0,0,453,0,,,,table number,0,0,15,0,,0,,,
Rind. 7470.col. 4,dec/DataSet/Data/CAP2_R7470_C4,,,numeric,textfield,,,0,0,0,0,0,0,0,454,0,,,,table number,0,0,15,0,,0,,,
Rind. 7480.col. 1,dec/DataSet/Data/CAP2_R7480_C1,,,numeric,textfield,,,0,0,0,0,0,0,0,455,0,,,,table number,0,0,15,0,,0,,,
Rind. 7480.col. 2,dec/DataSet/Data/CAP2_R7480_C2,,,numeric,textfield,,,0,0,0,0,0,0,0,456,0,,,,table number,0,0,15,0,,0,,,
Rind. 7480.col. 3,dec/DataSet/Data/CAP2_R7480_C3,,,numeric,textfield,,,0,0,0,0,0,0,0,457,0,,,,table number,0,0,15,0,,0,,,
Rind. 7480.col. 4,dec/DataSet/Data/CAP2_R7480_C4,,,numeric,textfield,,,0,0,0,0,0,0,0,458,0,,,,table number,0,0,15,0,,0,,,
Rind. 7490.col. 1,dec/DataSet/Data/CAP2_R7490_C1,,,numeric,textfield,,,0,0,0,0,0,0,0,459,0,,,,table number,0,0,15,0,,0,,,
Rind. 7490.col. 2,dec/DataSet/Data/CAP2_R7490_C2,,,numeric,textfield,,,0,0,0,0,0,0,0,460,0,,,,table number,0,0,15,0,,0,,,
Rind. 7490.col. 3,dec/DataSet/Data/CAP2_R7490_C3,,,numeric,textfield,,,0,0,0,0,0,0,0,461,0,,,,table number,0,0,15,0,,0,,,
Rind. 7490.col. 4,dec/DataSet/Data/CAP2_R7490_C4,,,numeric,textfield,,,0,0,0,0,0,0,0,462,0,,,,table number,0,0,15,0,,0,,,
Rind. 7500.col. 1,dec/DataSet/Data/CAP2_R7500_C1,,,numeric,textfield,,,0,0,0,0,0,1,0,463,0,,,,table number,0,0,15,0,,0,,,
Rind. 7500.col. 2,dec/DataSet/Data/CAP2_R7500_C2,,,numeric,textfield,,,0,0,0,0,0,1,0,464,0,,,,table number,0,0,15,0,,0,,,
Rind. 7500.col. 3,dec/DataSet/Data/CAP2_R7500_C3,,,numeric,textfield,,,0,0,0,0,0,1,0,465,0,,,,table number,0,0,15,0,,0,,,
Rind. 7500.col. 4,dec/DataSet/Data/CAP2_R7500_C4,,,numeric,textfield,,,0,0,0,0,0,1,0,466,0,,,,table number,0,0,15,0,,0,,,
Rind. 7510.col. 1,dec/DataSet/Data/CAP2_R7510_C1,,,numeric,textfield,,,0,0,0,0,0,0,0,467,0,,,,table number,0,0,15,0,,0,,,
Rind. 7510.col. 2,dec/DataSet/Data/CAP2_R7510_C2,,,numeric,textfield,,,0,0,0,0,0,0,0,468,0,,,,table number,0,0,15,0,,0,,,
Rind. 7510.col. 3,dec/DataSet/Data/CAP2_R7510_C3,,,numeric,textfield,,,0,0,0,0,0,0,0,469,0,,,,table number,0,0,15,0,,0,,,
Rind. 7510.col. 4,dec/DataSet/Data/CAP2_R7510_C4,,,numeric,textfield,,,0,0,0,0,0,0,0,470,0,,,,table number,0,0,15,0,,0,,,
Rind. 7520.col. 1,dec/DataSet/Data/CAP2_R7520_C1,,,numeric,textfield,,,0,0,0,0,0,0,0,471,0,,,,table number,0,0,15,0,,0,,,
Rind. 7520.col. 2,dec/DataSet/Data/CAP2_R7520_C2,,,numeric,textfield,,,0,0,0,0,0,0,0,472,0,,,,table number,0,0,15,0,,0,,,
Rind. 7520.col. 3,dec/DataSet/Data/CAP2_R7520_C3,,,numeric,textfield,,,0,0,0,0,0,0,0,473,0,,,,table number,0,0,15,0,,0,,,
Rind. 7520.col. 4,dec/DataSet/Data/CAP2_R7520_C4,,,numeric,textfield,,,0,0,0,0,0,0,0,474,0,,,,table number,0,0,15,0,,0,,,
Numărul de formular,dec/DataSet/Data/CAP/CAP_R[line]/CAP_NUM_FILIAL,CAP,,numeric,textfield,,,0,0,0,0,0,1,1,499,0,,,,row-index,0,0,15,0,,0,,,
Cod CUATM,dec/DataSet/Data/CAP/CAP_R[line]/CAP_CUATM_FILIAL,CAP,,text,select2,,,0,0,0,0,0,0,0,500,0,,"SELECT LEFT(CASE WHEN TRIM(c.code) REGEXP '^[135]' AND CHAR_LENGTH(TRIM(c.code)) = 6 THEN CONCAT('0', TRIM(c.code)) ELSE TRIM(c.code) END , 7) AS code, CONCAT(LEFT(CASE WHEN TRIM(c.code) REGEXP '^[135]' AND CHAR_LENGTH(TRIM(c.code)) = 6 THEN CONCAT('0', TRIM(c.code)) ELSE TRIM(c.code) END, 7), ' - ',  t.name) FROM taxonomy_term_data t JOIN classifier_cuatm_full c ON c.tid = t.tid  WHERE c.prgs in ('2') AND c.code not in ('0000000','1111111','2222222','3333333');",,dynamic-cuatm,0,0,15,0,,0,,,
Rînd. 1110 col.1,dec/DataSet/Data/CAP/CAP_R[line]/CAP1_R1110_C1_FILIAL,CAP,,numeric,textfield,,,0,0,0,0,0,0,0,528,0,,,,table number,0,0,15,0,,0,,,
Rînd. 1110 col.2,dec/DataSet/Data/CAP/CAP_R[line]/CAP1_R1110_C2_FILIAL,CAP,,numeric,textfield,,,0,0,0,0,0,0,0,529,0,,,,table number,0,0,15,0,,0,,,
Rînd. 1110 col.3,dec/DataSet/Data/CAP/CAP_R[line]/CAP1_R1110_C3_FILIAL,CAP,,numeric,textfield,,,0,0,0,0,0,0,0,530,0,,,,table number,0,0,15,0,,0,,,
Rînd. 1110 col.4,dec/DataSet/Data/CAP/CAP_R[line]/CAP1_R1110_C4_FILIAL,CAP,,numeric,textfield,,,0,0,0,0,0,0,0,531,0,,,,table number,0,0,15,0,,0,,,
Rînd. 1110 col.5,dec/DataSet/Data/CAP/CAP_R[line]/CAP1_R1110_C5_FILIAL,CAP,,numeric,textfield,,,0,0,0,0,0,0,0,532,0,,,,table number,0,0,15,0,,0,,,
Rînd. 1120 col.1,dec/DataSet/Data/CAP/CAP_R[line]/CAP1_R1120_C1_FILIAL,CAP,,numeric,textfield,,,0,0,0,0,0,0,0,561,0,,,,table number,0,0,15,0,,0,,,
Rînd. 1120 col.2,dec/DataSet/Data/CAP/CAP_R[line]/CAP1_R1120_C2_FILIAL,CAP,,numeric,textfield,,,0,0,0,0,0,0,0,562,0,,,,table number,0,0,15,0,,0,,,
Rînd. 1120 col.3,dec/DataSet/Data/CAP/CAP_R[line]/CAP1_R1120_C3_FILIAL,CAP,,numeric,textfield,,,0,0,0,0,0,0,0,563,0,,,,table number,0,0,15,0,,0,,,
Rînd. 1120 col.4,dec/DataSet/Data/CAP/CAP_R[line]/CAP1_R1120_C4_FILIAL,CAP,,numeric,textfield,,,0,0,0,0,0,0,0,564,0,,,,table number,0,0,15,0,,0,,,
Rînd. 1120 col.5,dec/DataSet/Data/CAP/CAP_R[line]/CAP1_R1120_C5_FILIAL,CAP,,numeric,textfield,,,0,0,0,0,0,0,0,565,0,,,,table number,0,0,15,0,,0,,,
Rind. 1130.col. 1,dec/DataSet/Data/CAP/CAP_R[line]/CAP1_R1130_C1_FILIAL,CAP,,numeric,textfield,,,0,0,0,0,0,0,0,589,0,,,,table number,0,0,15,0,,0,,,
Rind. 1130.col. 2,dec/DataSet/Data/CAP/CAP_R[line]/CAP1_R1130_C2_FILIAL,CAP,,numeric,textfield,,,0,0,0,0,0,0,0,590,0,,,,table number,0,0,15,0,,0,,,
Rind. 1130.col. 3,dec/DataSet/Data/CAP/CAP_R[line]/CAP1_R1130_C3_FILIAL,CAP,,numeric,textfield,,,0,0,0,0,0,0,0,591,0,,,,table number,0,0,15,0,,0,,,
Rind. 1130.col. 4,dec/DataSet/Data/CAP/CAP_R[line]/CAP1_R1130_C4_FILIAL,CAP,,numeric,textfield,,,0,0,0,0,0,0,0,592,0,,,,table number,0,0,15,0,,0,,,
Rind. 1130.col. 5,dec/DataSet/Data/CAP/CAP_R[line]/CAP1_R1130_C5_FILIAL,CAP,,numeric,textfield,,,0,0,0,0,0,0,0,593,0,,,,table number,0,0,15,0,,0,,,
Rînd. 1140 col.1,dec/DataSet/Data/CAP/CAP_R[line]/CAP1_R1140_C1_FILIAL,CAP,,numeric,textfield,,,0,0,0,0,0,0,0,616,0,,,,table number,0,0,15,0,,0,,,
Rînd. 1140 col.2,dec/DataSet/Data/CAP/CAP_R[line]/CAP1_R1140_C2_FILIAL,CAP,,numeric,textfield,,,0,0,0,0,0,0,0,617,0,,,,table number,0,0,15,0,,0,,,
Rînd. 1140 col.3,dec/DataSet/Data/CAP/CAP_R[line]/CAP1_R1140_C3_FILIAL,CAP,,numeric,textfield,,,0,0,0,0,0,0,0,618,0,,,,table number,0,0,15,0,,0,,,
Rînd. 1140 col.4,dec/DataSet/Data/CAP/CAP_R[line]/CAP1_R1140_C4_FILIAL,CAP,,numeric,textfield,,,0,0,0,0,0,0,0,619,0,,,,table number,0,0,15,0,,0,,,
Rînd. 1140 col.5,dec/DataSet/Data/CAP/CAP_R[line]/CAP1_R1140_C5_FILIAL,CAP,,numeric,textfield,,,0,0,0,0,0,0,0,620,0,,,,table number,0,0,15,0,,0,,,
Rind. 1150.col. 1,dec/DataSet/Data/CAP/CAP_R[line]/CAP1_R1150_C1_FILIAL,CAP,,numeric,textfield,,,0,0,0,0,0,0,0,599,0,,,,table number,0,0,15,0,,0,,,
Rind. 1150.col. 2,dec/DataSet/Data/CAP/CAP_R[line]/CAP1_R1150_C2_FILIAL,CAP,,numeric,textfield,,,0,0,0,0,0,0,0,600,0,,,,table number,0,0,15,0,,0,,,
Rind. 1150.col. 3,dec/DataSet/Data/CAP/CAP_R[line]/CAP1_R1150_C3_FILIAL,CAP,,numeric,textfield,,,0,0,0,0,0,0,0,601,0,,,,table number,0,0,15,0,,0,,,
Rind. 1150.col. 4,dec/DataSet/Data/CAP/CAP_R[line]/CAP1_R1150_C4_FILIAL,CAP,,numeric,textfield,,,0,0,0,0,0,0,0,602,0,,,,table number,0,0,15,0,,0,,,
Rind. 1150.col. 5,dec/DataSet/Data/CAP/CAP_R[line]/CAP1_R1150_C5_FILIAL,CAP,,numeric,textfield,,,0,0,0,0,0,0,0,603,0,,,,table number,0,0,15,0,,0,,,
Rind. 1160.col. 1,dec/DataSet/Data/CAP/CAP_R[line]/CAP1_R1160_C1_FILIAL,CAP,,numeric,textfield,,,0,0,0,0,0,0,0,604,0,,,,table number,0,0,15,0,,0,,,
Rind. 1160.col. 2,dec/DataSet/Data/CAP/CAP_R[line]/CAP1_R1160_C2_FILIAL,CAP,,numeric,textfield,,,0,0,0,0,0,0,0,605,0,,,,table number,0,0,15,0,,0,,,
Rind. 1160.col. 3,dec/DataSet/Data/CAP/CAP_R[line]/CAP1_R1160_C3_FILIAL,CAP,,numeric,textfield,,,0,0,0,0,0,0,0,606,0,,,,table number,0,0,15,0,,0,,,
Rind. 1160.col. 4,dec/DataSet/Data/CAP/CAP_R[line]/CAP1_R1160_C4_FILIAL,CAP,,numeric,textfield,,,0,0,0,0,0,0,0,607,0,,,,table number,0,0,15,0,,0,,,
Rind. 1160.col. 5,dec/DataSet/Data/CAP/CAP_R[line]/CAP1_R1160_C5_FILIAL,CAP,,numeric,textfield,,,0,0,0,0,0,0,0,608,0,,,,table number,0,0,15,0,,0,,,
Rind. 1170.col. 1,dec/DataSet/Data/CAP/CAP_R[line]/CAP1_R1170_C1_FILIAL,CAP,,numeric,textfield,,,0,0,0,0,0,0,0,609,0,,,,table number,0,0,15,0,,0,,,
Rind. 1170.col. 2,dec/DataSet/Data/CAP/CAP_R[line]/CAP1_R1170_C2_FILIAL,CAP,,numeric,textfield,,,0,0,0,0,0,0,0,610,0,,,,table number,0,0,15,0,,0,,,
Rind. 1170.col. 3,dec/DataSet/Data/CAP/CAP_R[line]/CAP1_R1170_C3_FILIAL,CAP,,numeric,textfield,,,0,0,0,0,0,0,0,611,0,,,,table number,0,0,15,0,,0,,,
Rind. 1170.col. 4,dec/DataSet/Data/CAP/CAP_R[line]/CAP1_R1170_C4_FILIAL,CAP,,numeric,textfield,,,0,0,0,0,0,0,0,612,0,,,,table number,0,0,15,0,,0,,,
Rind. 1170.col. 5,dec/DataSet/Data/CAP/CAP_R[line]/CAP1_R1170_C5_FILIAL,CAP,,numeric,textfield,,,0,0,0,0,0,0,0,613,0,,,,table number,0,0,15,0,,0,,,
Rind. 1180.col. 1,dec/DataSet/Data/CAP/CAP_R[line]/CAP1_R1180_C1_FILIAL,CAP,,numeric,textfield,,,0,0,0,0,0,0,0,614,0,,,,table number,0,0,15,0,,0,,,
Rind. 1180.col. 2,dec/DataSet/Data/CAP/CAP_R[line]/CAP1_R1180_C2_FILIAL,CAP,,numeric,textfield,,,0,0,0,0,0,0,0,615,0,,,,table number,0,0,15,0,,0,,,
Rind. 1180.col. 3,dec/DataSet/Data/CAP/CAP_R[line]/CAP1_R1180_C3_FILIAL,CAP,,numeric,textfield,,,0,0,0,0,0,0,0,616,0,,,,table number,0,0,15,0,,0,,,
Rind. 1180.col. 4,dec/DataSet/Data/CAP/CAP_R[line]/CAP1_R1180_C4_FILIAL,CAP,,numeric,textfield,,,0,0,0,0,0,0,0,617,0,,,,table number,0,0,15,0,,0,,,
Rind. 1180.col. 5,dec/DataSet/Data/CAP/CAP_R[line]/CAP1_R1180_C5_FILIAL,CAP,,numeric,textfield,,,0,0,0,0,0,0,0,618,0,,,,table number,0,0,15,0,,0,,,
Rind. 1190.col. 1,dec/DataSet/Data/CAP/CAP_R[line]/CAP1_R1190_C1_FILIAL,CAP,,numeric,textfield,,,0,0,0,0,0,0,0,619,0,,,,table number,0,0,15,0,,0,,,
Rind. 1190.col. 2,dec/DataSet/Data/CAP/CAP_R[line]/CAP1_R1190_C2_FILIAL,CAP,,numeric,textfield,,,0,0,0,0,0,0,0,620,0,,,,table number,0,0,15,0,,0,,,
Rind. 1190.col. 3,dec/DataSet/Data/CAP/CAP_R[line]/CAP1_R1190_C3_FILIAL,CAP,,numeric,textfield,,,0,0,0,0,0,0,0,621,0,,,,table number,0,0,15,0,,0,,,
Rind. 1190.col. 4,dec/DataSet/Data/CAP/CAP_R[line]/CAP1_R1190_C4_FILIAL,CAP,,numeric,textfield,,,0,0,0,0,0,0,0,622,0,,,,table number,0,0,15,0,,0,,,
Rind. 1190.col. 5,dec/DataSet/Data/CAP/CAP_R[line]/CAP1_R1190_C5_FILIAL,CAP,,numeric,textfield,,,0,0,0,0,0,0,0,623,0,,,,table number,0,0,15,0,,0,,,
Rind. 1191.col. 1,dec/DataSet/Data/CAP/CAP_R[line]/CAP1_R1191_C1_FILIAL,CAP,,numeric,textfield,,,0,0,0,0,0,0,0,624,0,,,,table number,0,0,15,0,,0,,,
Rind. 1191.col. 2,dec/DataSet/Data/CAP/CAP_R[line]/CAP1_R1191_C2_FILIAL,CAP,,numeric,textfield,,,0,0,0,0,0,0,0,625,0,,,,table number,0,0,15,0,,0,,,
Rind. 1191.col. 3,dec/DataSet/Data/CAP/CAP_R[line]/CAP1_R1191_C3_FILIAL,CAP,,numeric,textfield,,,0,0,0,0,0,0,0,626,0,,,,table number,0,0,15,0,,0,,,
Rind. 1191.col. 4,dec/DataSet/Data/CAP/CAP_R[line]/CAP1_R1191_C4_FILIAL,CAP,,numeric,textfield,,,0,0,0,0,0,0,0,627,0,,,,table number,0,0,15,0,,0,,,
Rind. 1210.col. 1,dec/DataSet/Data/CAP/CAP_R[line]/CAP1_R1210_C1_FILIAL,CAP,,numeric,textfield,,,0,0,0,0,0,0,0,628,0,,,,table number,0,0,15,0,,0,,,
Rind. 1210.col. 2,dec/DataSet/Data/CAP/CAP_R[line]/CAP1_R1210_C2_FILIAL,CAP,,numeric,textfield,,,0,0,0,0,0,0,0,629,0,,,,table number,0,0,15,0,,0,,,
Rind. 1210.col. 3,dec/DataSet/Data/CAP/CAP_R[line]/CAP1_R1210_C3_FILIAL,CAP,,numeric,textfield,,,0,0,0,0,0,0,0,630,0,,,,table number,0,0,15,0,,0,,,
Rind. 1210.col. 4,dec/DataSet/Data/CAP/CAP_R[line]/CAP1_R1210_C4_FILIAL,CAP,,numeric,textfield,,,0,0,0,0,0,0,0,631,0,,,,table number,0,0,15,0,,0,,,
Rind. 1210.col. 5,dec/DataSet/Data/CAP/CAP_R[line]/CAP1_R1210_C5_FILIAL,CAP,,numeric,textfield,,,0,0,0,0,0,0,0,631,0,,,,table number,0,0,15,0,,0,,,
Rind. 1220.col. 1,dec/DataSet/Data/CAP/CAP_R[line]/CAP1_R1220_C1_FILIAL,CAP,,numeric,textfield,,,0,0,0,0,0,0,0,632,0,,,,table number,0,0,15,0,,0,,,
Rind. 1220.col. 2,dec/DataSet/Data/CAP/CAP_R[line]/CAP1_R1220_C2_FILIAL,CAP,,numeric,textfield,,,0,0,0,0,0,0,0,633,0,,,,table number,0,0,15,0,,0,,,
Rind. 1220.col. 3,dec/DataSet/Data/CAP/CAP_R[line]/CAP1_R1220_C3_FILIAL,CAP,,numeric,textfield,,,0,0,0,0,0,0,0,634,0,,,,table number,0,0,15,0,,0,,,
Rind. 1220.col. 4,dec/DataSet/Data/CAP/CAP_R[line]/CAP1_R1220_C4_FILIAL,CAP,,numeric,textfield,,,0,0,0,0,0,0,0,635,0,,,,table number,0,0,15,0,,0,,,
Rind. 1220.col. 5,dec/DataSet/Data/CAP/CAP_R[line]/CAP1_R1220_C5_FILIAL,CAP,,numeric,textfield,,,0,0,0,0,0,0,0,636,0,,,,table number,0,0,15,0,,0,,,
Rînd. 1230 col.1,dec/DataSet/Data/CAP/CAP_R[line]/CAP1_R1230_C1_FILIAL,CAP,,numeric,textfield,,,0,0,0,0,0,0,0,658,0,,,,table number,0,0,15,0,,0,,,
Rînd. 1230 col.2,dec/DataSet/Data/CAP/CAP_R[line]/CAP1_R1230_C2_FILIAL,CAP,,numeric,textfield,,,0,0,0,0,0,0,0,659,0,,,,table number,0,0,15,0,,0,,,
Rînd. 1230 col.3,dec/DataSet/Data/CAP/CAP_R[line]/CAP1_R1230_C3_FILIAL,CAP,,numeric,textfield,,,0,0,0,0,0,0,0,660,0,,,,table number,0,0,15,0,,0,,,
Rind. 1230.col. 4,dec/DataSet/Data/CAP/CAP_R[line]/CAP1_R1230_C4_FILIAL,CAP,,numeric,textfield,,,0,0,0,0,0,1,0,640,0,,,,table number,0,0,15,0,,0,,,
Rind. 1230.col. 5,dec/DataSet/Data/CAP/CAP_R[line]/CAP1_R1230_C5_FILIAL,CAP,,numeric,textfield,,,0,0,0,0,0,1,0,641,0,,,,table number,0,0,15,0,,0,,,
Rind. 1231.col. 1,dec/DataSet/Data/CAP/CAP_R[line]/CAP1_R1231_C1_FILIAL,CAP,,numeric,textfield,,,0,0,0,0,0,0,0,642,0,,,,table number,0,0,15,0,,0,,,
Rind. 1231.col. 2,dec/DataSet/Data/CAP/CAP_R[line]/CAP1_R1231_C2_FILIAL,CAP,,numeric,textfield,,,0,0,0,0,0,0,0,643,0,,,,table number,0,0,15,0,,0,,,
Rind. 1231.col. 3,dec/DataSet/Data/CAP/CAP_R[line]/CAP1_R1231_C3_FILIAL,CAP,,numeric,textfield,,,0,0,0,0,0,0,0,644,0,,,,table number,0,0,15,0,,0,,,
Rind. 1231.col. 4,dec/DataSet/Data/CAP/CAP_R[line]/CAP1_R1231_C4_FILIAL,CAP,,numeric,textfield,,,0,0,0,0,0,0,0,645,0,,,,table number,0,0,15,0,,0,,,
Rind. 1231.col. 5,dec/DataSet/Data/CAP/CAP_R[line]/CAP1_R1231_C5_FILIAL,CAP,,numeric,textfield,,,0,0,0,0,0,0,0,646,0,,,,table number,0,0,15,0,,0,,,
Rînd. 1232 col.1,dec/DataSet/Data/CAP/CAP_R[line]/CAP1_R1232_C1_FILIAL,CAP,,numeric,textfield,,,0,0,0,0,0,0,0,661,0,,,,table number,0,0,15,0,,0,,,
Rînd. 1232 col.2,dec/DataSet/Data/CAP/CAP_R[line]/CAP1_R1232_C2_FILIAL,CAP,,numeric,textfield,,,0,0,0,0,0,0,0,662,0,,,,table number,0,0,15,0,,0,,,
Rînd. 1232 col.3,dec/DataSet/Data/CAP/CAP_R[line]/CAP1_R1232_C3_FILIAL,CAP,,numeric,textfield,,,0,0,0,0,0,0,0,663,0,,,,table number,0,0,15,0,,0,,,
Rind. 1232.col. 4,dec/DataSet/Data/CAP/CAP_R[line]/CAP1_R1232_C4_FILIAL,CAP,,numeric,textfield,,,0,0,0,0,0,0,0,650,0,,,,table number,0,0,15,0,,0,,,
Rind. 1232.col. 5,dec/DataSet/Data/CAP/CAP_R[line]/CAP1_R1232_C5_FILIAL,CAP,,numeric,textfield,,,0,0,0,0,0,0,0,651,0,,,,table number,0,0,15,0,,0,,,
Rind. 1233.col. 1,dec/DataSet/Data/CAP/CAP_R[line]/CAP1_R1233_C1_FILIAL,CAP,,numeric,textfield,,,0,0,0,0,0,0,0,652,0,,,,table number,0,0,15,0,,0,,,
Rind. 1233.col. 2,dec/DataSet/Data/CAP/CAP_R[line]/CAP1_R1233_C2_FILIAL,CAP,,numeric,textfield,,,0,0,0,0,0,0,0,653,0,,,,table number,0,0,15,0,,0,,,
Rind. 1233.col. 3,dec/DataSet/Data/CAP/CAP_R[line]/CAP1_R1233_C3_FILIAL,CAP,,numeric,textfield,,,0,0,0,0,0,0,0,654,0,,,,table number,0,0,15,0,,0,,,
Rind. 1233.col. 4,dec/DataSet/Data/CAP/CAP_R[line]/CAP1_R1233_C4_FILIAL,CAP,,numeric,textfield,,,0,0,0,0,0,0,0,655,0,,,,table number,0,0,15,0,,0,,,
Rind. 1233.col. 5,dec/DataSet/Data/CAP/CAP_R[line]/CAP1_R1233_C5_FILIAL,CAP,,numeric,textfield,,,0,0,0,0,0,0,0,656,0,,,,table number,0,0,15,0,,0,,,
Rînd. 1234 col.1,dec/DataSet/Data/CAP/CAP_R[line]/CAP1_R1234_C1_FILIAL,CAP,,numeric,textfield,,,0,0,0,0,0,0,0,664,0,,,,table number,0,0,15,0,,0,,,
Rînd. 1234 col.2,dec/DataSet/Data/CAP/CAP_R[line]/CAP1_R1234_C2_FILIAL,CAP,,numeric,textfield,,,0,0,0,0,0,0,0,665,0,,,,table number,0,0,15,0,,0,,,
Rînd. 1234 col.3,dec/DataSet/Data/CAP/CAP_R[line]/CAP1_R1234_C3_FILIAL,CAP,,numeric,textfield,,,0,0,0,0,0,0,0,666,0,,,,table number,0,0,15,0,,0,,,
Rind. 1234.col. 4,dec/DataSet/Data/CAP/CAP_R[line]/CAP1_R1234_C4_FILIAL,CAP,,numeric,textfield,,,0,0,0,0,0,0,0,660,0,,,,table number,0,0,15,0,,0,,,
Rind. 1234.col. 5,dec/DataSet/Data/CAP/CAP_R[line]/CAP1_R1234_C5_FILIAL,CAP,,numeric,textfield,,,0,0,0,0,0,0,0,661,0,,,,table number,0,0,15,0,,0,,,
Rînd. 1235 col.1,dec/DataSet/Data/CAP/CAP_R[line]/CAP1_R1235_C1_FILIAL,CAP,,numeric,textfield,,,0,0,0,0,0,0,0,667,0,,,,table number,0,0,15,0,,0,,,
Rînd. 1235 col.2,dec/DataSet/Data/CAP/CAP_R[line]/CAP1_R1235_C2_FILIAL,CAP,,numeric,textfield,,,0,0,0,0,0,0,0,668,0,,,,table number,0,0,15,0,,0,,,
Rînd. 1235 col.3,dec/DataSet/Data/CAP/CAP_R[line]/CAP1_R1235_C3_FILIAL,CAP,,numeric,textfield,,,0,0,0,0,0,0,0,669,0,,,,table number,0,0,15,0,,0,,,
Rind. 1235.col. 4,dec/DataSet/Data/CAP/CAP_R[line]/CAP1_R1235_C4_FILIAL,CAP,,numeric,textfield,,,0,0,0,0,0,0,0,665,0,,,,table number,0,0,15,0,,0,,,
Rind. 1235.col. 5,dec/DataSet/Data/CAP/CAP_R[line]/CAP1_R1235_C5_FILIAL,CAP,,numeric,textfield,,,0,0,0,0,0,0,0,666,0,,,,table number,0,0,15,0,,0,,,
Rînd. 1236 col.1,dec/DataSet/Data/CAP/CAP_R[line]/CAP1_R1236_C1_FILIAL,CAP,,numeric,textfield,,,0,0,0,0,0,0,0,670,0,,,,table number,0,0,15,0,,0,,,
Rînd. 1236 col.2,dec/DataSet/Data/CAP/CAP_R[line]/CAP1_R1236_C2_FILIAL,CAP,,numeric,textfield,,,0,0,0,0,0,0,0,671,0,,,,table number,0,0,15,0,,0,,,
Rînd. 1236 col.3,dec/DataSet/Data/CAP/CAP_R[line]/CAP1_R1236_C3_FILIAL,CAP,,numeric,textfield,,,0,0,0,0,0,0,0,672,0,,,,table number,0,0,15,0,,0,,,
Rind. 1236.col. 4,dec/DataSet/Data/CAP/CAP_R[line]/CAP1_R1236_C4_FILIAL,CAP,,numeric,textfield,,,0,0,0,0,0,0,0,670,0,,,,table number,0,0,15,0,,0,,,
Rind. 1236.col. 5,dec/DataSet/Data/CAP/CAP_R[line]/CAP1_R1236_C5_FILIAL,CAP,,numeric,textfield,,,0,0,0,0,0,0,0,671,0,,,,table number,0,0,15,0,,0,,,
Rînd. 1240 col.1,dec/DataSet/Data/CAP/CAP_R[line]/CAP1_R1240_C1_FILIAL,CAP,,numeric,textfield,,,0,0,0,0,0,0,0,682,0,,,,table number,0,0,15,0,,0,,,
Rînd. 1240 col.2,dec/DataSet/Data/CAP/CAP_R[line]/CAP1_R1240_C2_FILIAL,CAP,,numeric,textfield,,,0,0,0,0,0,0,0,683,0,,,,table number,0,0,15,0,,0,,,
Rind. 1240.col. 3,dec/DataSet/Data/CAP/CAP_R[line]/CAP1_R1240_C3_FILIAL,CAP,,numeric,textfield,,,0,0,0,0,0,0,0,674,0,,,,table number,0,0,15,0,,0,,,
Rind. 1240.col. 4,dec/DataSet/Data/CAP/CAP_R[line]/CAP1_R1240_C4_FILIAL,CAP,,numeric,textfield,,,0,0,0,0,0,0,0,675,0,,,,table number,0,0,15,0,,0,,,
Rind. 1240.col. 5,dec/DataSet/Data/CAP/CAP_R[line]/CAP1_R1240_C5_FILIAL,CAP,,numeric,textfield,,,0,0,0,0,0,0,0,676,0,,,,table number,0,0,15,0,,0,,,
Rind. 1241.col. 1,dec/DataSet/Data/CAP/CAP_R[line]/CAP1_R1241_C1_FILIAL,CAP,,numeric,textfield,,,0,0,0,0,0,0,0,677,0,,,,table number,0,0,15,0,,0,,,
Rînd. 1241 col.2,dec/DataSet/Data/CAP/CAP_R[line]/CAP1_R1241_C2_FILIAL,CAP,,numeric,textfield,,,0,0,0,0,0,0,0,684,0,,,,table number,0,0,15,0,,0,,,
Rînd. 1241 col.3,dec/DataSet/Data/CAP/CAP_R[line]/CAP1_R1241_C3_FILIAL,CAP,,numeric,textfield,,,0,0,0,0,0,0,0,685,0,,,,table number,0,0,15,0,,0,,,
Rind. 1241.col. 4,dec/DataSet/Data/CAP/CAP_R[line]/CAP1_R1241_C4_FILIAL,CAP,,numeric,textfield,,,0,0,0,0,0,0,0,680,0,,,,table number,0,0,15,0,,0,,,
Rind. 1241.col. 5,dec/DataSet/Data/CAP/CAP_R[line]/CAP1_R1241_C5_FILIAL,CAP,,numeric,textfield,,,0,0,0,0,0,0,0,681,0,,,,table number,0,0,15,0,,0,,,
Rind. 1300.col. 1,dec/DataSet/Data/CAP/CAP_R[line]/CAP1_R1300_C1_FILIAL,CAP,,numeric,textfield,,,0,0,0,0,0,1,0,682,0,,,,table number,0,0,15,0,,0,,,
Rind. 1300.col. 2,dec/DataSet/Data/CAP/CAP_R[line]/CAP1_R1300_C2_FILIAL,CAP,,numeric,textfield,,,0,0,0,0,0,1,0,683,0,,,,table number,0,0,15,0,,0,,,
Rind. 1300.col. 3,dec/DataSet/Data/CAP/CAP_R[line]/CAP1_R1300_C3_FILIAL,CAP,,numeric,textfield,,,0,0,0,0,0,1,0,684,0,,,,table number,0,0,15,0,,0,,,
Rind. 1300.col. 4,dec/DataSet/Data/CAP/CAP_R[line]/CAP1_R1300_C4_FILIAL,CAP,,numeric,textfield,,,0,0,0,0,0,1,0,685,0,,,,table number,0,0,15,0,,0,,,
Rind. 1300.col. 5,dec/DataSet/Data/CAP/CAP_R[line]/CAP1_R1300_C5_FILIAL,CAP,,numeric,textfield,,,0,0,0,0,0,1,0,686,0,,,,table number,0,0,15,0,,0,,,
Rind. 1400.col. 1,dec/DataSet/Data/CAP/CAP_R[line]/CAP1_R1400_C1_FILIAL,CAP,,numeric,textfield,,,0,0,0,0,0,1,0,687,0,,,,table number,0,0,15,0,,0,,,
Rind. 1400.col. 2,dec/DataSet/Data/CAP/CAP_R[line]/CAP1_R1400_C2_FILIAL,CAP,,numeric,textfield,,,0,0,0,0,0,1,0,688,0,,,,table number,0,0,15,0,,0,,,
Rind. 1410.col. 1,dec/DataSet/Data/CAP/CAP_R[line]/CAP1_R1410_C1_FILIAL,CAP,,numeric,textfield,,,0,0,0,0,0,0,0,692,0,,,,table number,0,0,15,0,,0,,,
Rind. 1410.col. 2,dec/DataSet/Data/CAP/CAP_R[line]/CAP1_R1410_C2_FILIAL,CAP,,numeric,textfield,,,0,0,0,0,0,0,0,693,0,,,,table number,0,0,15,0,,0,,,
Rind. 1410.col. 3,dec/DataSet/Data/CAP/CAP_R[line]/CAP1_R1410_C3_FILIAL,CAP,,numeric,textfield,,,0,0,0,0,0,0,0,694,0,,,,table number,0,0,15,0,,0,,,
Rind. 1410.col. 4,dec/DataSet/Data/CAP/CAP_R[line]/CAP1_R1410_C4_FILIAL,CAP,,numeric,textfield,,,0,0,0,0,0,0,0,695,0,,,,table number,0,0,15,0,,0,,,
Rind. 1410.col. 5,dec/DataSet/Data/CAP/CAP_R[line]/CAP1_R1410_C5_FILIAL,CAP,,numeric,textfield,,,0,0,0,0,0,0,0,696,0,,,,table number,0,0,15,0,,0,,,
Rind. 1420.col. 1,dec/DataSet/Data/CAP/CAP_R[line]/CAP1_R1420_C1_FILIAL,CAP,,numeric,textfield,,,0,0,0,0,0,0,0,697,0,,,,table number,0,0,15,0,,0,,,
Rînd. 1420 col.2,dec/DataSet/Data/CAP/CAP_R[line]/CAP1_R1420_C2_FILIAL,CAP,,numeric,textfield,,,0,0,0,0,0,0,0,840,0,,,,table number,0,0,15,0,,0,,,
Rînd. 1420 col.3,dec/DataSet/Data/CAP/CAP_R[line]/CAP1_R1420_C3_FILIAL,CAP,,numeric,textfield,,,0,0,0,0,0,0,0,841,0,,,,table number,0,0,15,0,,0,,,
Rind. 1420.col. 4,dec/DataSet/Data/CAP/CAP_R[line]/CAP1_R1420_C4_FILIAL,CAP,,numeric,textfield,,,0,0,0,0,0,0,0,700,0,,,,table number,0,0,15,0,,0,,,
Rind. 1430.col. 1,dec/DataSet/Data/CAP/CAP_R[line]/CAP1_R1430_C1_FILIAL,CAP,,numeric,textfield,,,0,0,0,0,0,0,0,701,0,,,,table number,0,0,15,0,,0,,,
Rind. 1430.col. 2,dec/DataSet/Data/CAP/CAP_R[line]/CAP1_R1430_C2_FILIAL,CAP,,numeric,textfield,,,0,0,0,0,0,0,0,702,0,,,,table number,0,0,15,0,,0,,,
Rind. 1430.col. 3,dec/DataSet/Data/CAP/CAP_R[line]/CAP1_R1430_C3_FILIAL,CAP,,numeric,textfield,,,0,0,0,0,0,0,0,703,0,,,,table number,0,0,15,0,,0,,,
Rind. 1430.col. 4,dec/DataSet/Data/CAP/CAP_R[line]/CAP1_R1430_C4_FILIAL,CAP,,numeric,textfield,,,0,0,0,0,0,0,0,704,0,,,,table number,0,0,15,0,,0,,,
Rind. 1430.col. 5,dec/DataSet/Data/CAP/CAP_R[line]/CAP1_R1430_C5_FILIAL,CAP,,numeric,textfield,,,0,0,0,0,0,0,0,705,0,,,,table number,0,0,15,0,,0,,,
Rind. 1431.col. 1,dec/DataSet/Data/CAP/CAP_R[line]/CAP1_R1431_C1_FILIAL,CAP,,numeric,textfield,,,0,0,0,0,0,0,0,706,0,,,,table number,0,0,15,0,,0,,,
Rind. 1431.col. 2,dec/DataSet/Data/CAP/CAP_R[line]/CAP1_R1431_C2_FILIAL,CAP,,numeric,textfield,,,0,0,0,0,0,0,0,707,0,,,,table number,0,0,15,0,,0,,,
Rind. 1431.col. 3,dec/DataSet/Data/CAP/CAP_R[line]/CAP1_R1431_C3_FILIAL,CAP,,numeric,textfield,,,0,0,0,0,0,0,0,708,0,,,,table number,0,0,15,0,,0,,,
Rind. 1431.col. 4,dec/DataSet/Data/CAP/CAP_R[line]/CAP1_R1431_C4_FILIAL,CAP,,numeric,textfield,,,0,0,0,0,0,0,0,709,0,,,,table number,0,0,15,0,,0,,,
Rînd. 1440 col.1,dec/DataSet/Data/CAP/CAP_R[line]/CAP1_R1440_C1_FILIAL,CAP,,numeric,textfield,,,0,0,0,0,0,0,0,847,0,,,,table number,0,0,15,0,,0,,,
Rind. 1440.col. 2,dec/DataSet/Data/CAP/CAP_R[line]/CAP1_R1440_C2_FILIAL,CAP,,numeric,textfield,,,0,0,0,0,0,0,0,711,0,,,,table number,0,0,15,0,,0,,,
Rind. 1440.col. 3,dec/DataSet/Data/CAP/CAP_R[line]/CAP1_R1440_C3_FILIAL,CAP,,numeric,textfield,,,0,0,0,0,0,0,0,712,0,,,,table number,0,0,15,0,,0,,,
Rind. 1450.col. 1,dec/DataSet/Data/CAP/CAP_R[line]/CAP1_R1450_C1_FILIAL,CAP,,numeric,textfield,,,0,0,0,0,0,0,0,713,0,,,,table number,0,0,15,0,,0,,,
Rind. 1450.col. 2,dec/DataSet/Data/CAP/CAP_R[line]/CAP1_R1450_C2_FILIAL,CAP,,numeric,textfield,,,0,0,0,0,0,0,0,714,0,,,,table number,0,0,15,0,,0,,,
Rind. 1450.col. 3,dec/DataSet/Data/CAP/CAP_R[line]/CAP1_R1450_C3_FILIAL,CAP,,numeric,textfield,,,0,0,0,0,0,0,0,715,0,,,,table number,0,0,15,0,,0,,,
Rind. 1450.col. 4,dec/DataSet/Data/CAP/CAP_R[line]/CAP1_R1450_C4_FILIAL,CAP,,numeric,textfield,,,0,0,0,0,0,0,0,716,0,,,,table number,0,0,15,0,,0,,,
Rind. 1450.col. 5,dec/DataSet/Data/CAP/CAP_R[line]/CAP1_R1450_C5_FILIAL,CAP,,numeric,textfield,,,0,0,0,0,0,0,0,717,0,,,,table number,0,0,15,0,,0,,,
Rind. 1460.col. 1,dec/DataSet/Data/CAP/CAP_R[line]/CAP1_R1460_C1_FILIAL,CAP,,numeric,textfield,,,0,0,0,0,0,0,0,718,0,,,,table number,0,0,15,0,,0,,,
Rind. 1460.col. 2,dec/DataSet/Data/CAP/CAP_R[line]/CAP1_R1460_C2_FILIAL,CAP,,numeric,textfield,,,0,0,0,0,0,0,0,719,0,,,,table number,0,0,15,0,,0,,,
Rind. 1460.col. 3,dec/DataSet/Data/CAP/CAP_R[line]/CAP1_R1460_C3_FILIAL,CAP,,numeric,textfield,,,0,0,0,0,0,0,0,720,0,,,,table number,0,0,15,0,,0,,,
Rind. 1460.col. 4,dec/DataSet/Data/CAP/CAP_R[line]/CAP1_R1460_C4_FILIAL,CAP,,numeric,textfield,,,0,0,0,0,0,0,0,721,0,,,,table number,0,0,15,0,,0,,,
Rind. 1460.col. 5,dec/DataSet/Data/CAP/CAP_R[line]/CAP1_R1460_C5_FILIAL,CAP,,numeric,textfield,,,0,0,0,0,0,0,0,722,0,,,,table number,0,0,15,0,,0,,,
Rind. 1470.col. 1,dec/DataSet/Data/CAP/CAP_R[line]/CAP1_R1470_C1_FILIAL,CAP,,numeric,textfield,,,0,0,0,0,0,0,0,723,0,,,,table number,0,0,15,0,,0,,,
Rind. 1470.col. 2,dec/DataSet/Data/CAP/CAP_R[line]/CAP1_R1470_C2_FILIAL,CAP,,numeric,textfield,,,0,0,0,0,0,0,0,724,0,,,,table number,0,0,15,0,,0,,,
Rind. 1470.col. 3,dec/DataSet/Data/CAP/CAP_R[line]/CAP1_R1470_C3_FILIAL,CAP,,numeric,textfield,,,0,0,0,0,0,0,0,725,0,,,,table number,0,0,15,0,,0,,,
Rind. 1480.col. 1,dec/DataSet/Data/CAP/CAP_R[line]/CAP1_R1480_C1_FILIAL,CAP,,numeric,textfield,,,0,0,0,0,0,1,0,726,0,,,,table number,0,0,15,0,,0,,,
Rind. 1480.col. 2,dec/DataSet/Data/CAP/CAP_R[line]/CAP1_R1480_C2_FILIAL,CAP,,numeric,textfield,,,0,0,0,0,0,1,0,727,0,,,,table number,0,0,15,0,,0,,,
Rind. 1480.col. 3,dec/DataSet/Data/CAP/CAP_R[line]/CAP1_R1480_C3_FILIAL,CAP,,numeric,textfield,,,0,0,0,0,0,1,0,728,0,,,,table number,0,0,15,0,,0,,,
Rind. 1481.col. 1,dec/DataSet/Data/CAP/CAP_R[line]/CAP1_R1481_C1_FILIAL,CAP,,numeric,textfield,,,0,0,0,0,0,0,0,729,0,,,,table number,0,0,15,0,,0,,,
Rind. 1481.col. 2,dec/DataSet/Data/CAP/CAP_R[line]/CAP1_R1481_C2_FILIAL,CAP,,numeric,textfield,,,0,0,0,0,0,0,0,730,0,,,,table number,0,0,15,0,,0,,,
Rind. 1481.col. 3,dec/DataSet/Data/CAP/CAP_R[line]/CAP1_R1481_C3_FILIAL,CAP,,numeric,textfield,,,0,0,0,0,0,0,0,731,0,,,,table number,0,0,15,0,,0,,,
Rind. 1482.col. 1,dec/DataSet/Data/CAP/CAP_R[line]/CAP1_R1482_C1_FILIAL,CAP,,numeric,textfield,,,0,0,0,0,0,0,0,732,0,,,,table number,0,0,15,0,,0,,,
Rind. 1482.col. 2,dec/DataSet/Data/CAP/CAP_R[line]/CAP1_R1482_C2_FILIAL,CAP,,numeric,textfield,,,0,0,0,0,0,0,0,733,0,,,,table number,0,0,15,0,,0,,,
Rind. 1482.col. 3,dec/DataSet/Data/CAP/CAP_R[line]/CAP1_R1482_C3_FILIAL,CAP,,numeric,textfield,,,0,0,0,0,0,0,0,734,0,,,,table number,0,0,15,0,,0,,,
Rind. 1483.col. 1,dec/DataSet/Data/CAP/CAP_R[line]/CAP1_R1483_C1_FILIAL,CAP,,numeric,textfield,,,0,0,0,0,0,0,0,735,0,,,,table number,0,0,15,0,,0,,,
Rind. 1483.col. 2,dec/DataSet/Data/CAP/CAP_R[line]/CAP1_R1483_C2_FILIAL,CAP,,numeric,textfield,,,0,0,0,0,0,0,0,736,0,,,,table number,0,0,15,0,,0,,,
Rind. 1483.col. 3,dec/DataSet/Data/CAP/CAP_R[line]/CAP1_R1483_C3_FILIAL,CAP,,numeric,textfield,,,0,0,0,0,0,0,0,737,0,,,,table number,0,0,15,0,,0,,,
Rind. 1484.col. 1,dec/DataSet/Data/CAP/CAP_R[line]/CAP1_R1484_C1_FILIAL,CAP,,numeric,textfield,,,0,0,0,0,0,0,0,738,0,,,,table number,0,0,15,0,,0,,,
Rind. 1484.col. 2,dec/DataSet/Data/CAP/CAP_R[line]/CAP1_R1484_C2_FILIAL,CAP,,numeric,textfield,,,0,0,0,0,0,0,0,739,0,,,,table number,0,0,15,0,,0,,,
Rind. 1484.col. 3,dec/DataSet/Data/CAP/CAP_R[line]/CAP1_R1484_C3_FILIAL,CAP,,numeric,textfield,,,0,0,0,0,0,0,0,740,0,,,,table number,0,0,15,0,,0,,,
Rind. 1485.col. 1,dec/DataSet/Data/CAP/CAP_R[line]/CAP1_R1485_C1_FILIAL,CAP,,numeric,textfield,,,0,0,0,0,0,0,0,741,0,,,,table number,0,0,15,0,,0,,,
Rind. 1485.col. 2,dec/DataSet/Data/CAP/CAP_R[line]/CAP1_R1485_C2_FILIAL,CAP,,numeric,textfield,,,0,0,0,0,0,0,0,742,0,,,,table number,0,0,15,0,,0,,,
Rind. 1485.col. 3,dec/DataSet/Data/CAP/CAP_R[line]/CAP1_R1485_C3_FILIAL,CAP,,numeric,textfield,,,0,0,0,0,0,0,0,743,0,,,,table number,0,0,15,0,,0,,,
Rind. 1486.col. 1,dec/DataSet/Data/CAP/CAP_R[line]/CAP1_R1486_C1_FILIAL,CAP,,numeric,textfield,,,0,0,0,0,0,0,0,744,0,,,,table number,0,0,15,0,,0,,,
Rind. 1486.col. 2,dec/DataSet/Data/CAP/CAP_R[line]/CAP1_R1486_C2_FILIAL,CAP,,numeric,textfield,,,0,0,0,0,0,0,0,745,0,,,,table number,0,0,15,0,,0,,,
Rind. 1486.col. 3,dec/DataSet/Data/CAP/CAP_R[line]/CAP1_R1486_C3_FILIAL,CAP,,numeric,textfield,,,0,0,0,0,0,0,0,746,0,,,,table number,0,0,15,0,,0,,,
Rind. 1490.col. 1,dec/DataSet/Data/CAP/CAP_R[line]/CAP1_R1490_C1_FILIAL,CAP,,numeric,textfield,,,0,0,0,0,0,0,0,747,0,,,,table number,0,0,15,0,,0,,,
Rind. 1490.col. 2,dec/DataSet/Data/CAP/CAP_R[line]/CAP1_R1490_C2_FILIAL,CAP,,numeric,textfield,,,0,0,0,0,0,0,0,748,0,,,,table number,0,0,15,0,,0,,,
Rind. 1491.col. 2,dec/DataSet/Data/CAP/CAP_R[line]/CAP1_R1491_C2_FILIAL,CAP,,numeric,textfield,,,0,0,0,0,0,0,0,749,0,,,,table number,0,0,15,0,,0,,,
Rind. 1491.col. 3,dec/DataSet/Data/CAP/CAP_R[line]/CAP1_R1491_C3_FILIAL,CAP,,numeric,textfield,,,0,0,0,0,0,0,0,750,0,,,,table number,0,0,15,0,,0,,,
Rind. 1491.col. 5,dec/DataSet/Data/CAP/CAP_R[line]/CAP1_R1491_C5_FILIAL,CAP,,numeric,textfield,,,0,0,0,0,0,0,0,751,0,,,,table number,0,0,15,0,,0,,,
Rind. 1492.col. 2,dec/DataSet/Data/CAP/CAP_R[line]/CAP1_R1492_C2_FILIAL,CAP,,numeric,textfield,,,0,0,0,0,0,0,0,752,0,,,,table number,0,0,15,0,,0,,,
Rind. 1492.col. 3,dec/DataSet/Data/CAP/CAP_R[line]/CAP1_R1492_C3_FILIAL,CAP,,numeric,textfield,,,0,0,0,0,0,0,0,753,0,,,,table number,0,0,15,0,,0,,,
Rind. 1492.col. 4,dec/DataSet/Data/CAP/CAP_R[line]/CAP1_R1492_C4_FILIAL,CAP,,numeric,textfield,,,0,0,0,0,0,0,0,754,0,,,,table number,0,0,15,0,,0,,,
Rind. 1500.col. 1,dec/DataSet/Data/CAP/CAP_R[line]/CAP1_R1500_C1_FILIAL,CAP,,numeric,textfield,,,0,0,0,0,0,0,0,755,0,,,,table number,0,0,15,0,,0,,,
Rind. 1500.col. 2,dec/DataSet/Data/CAP/CAP_R[line]/CAP1_R1500_C2_FILIAL,CAP,,numeric,textfield,,,0,0,0,0,0,0,0,756,0,,,,table number,0,0,15,0,,0,,,
Rind. 1500.col. 3,dec/DataSet/Data/CAP/CAP_R[line]/CAP1_R1500_C3_FILIAL,CAP,,numeric,textfield,,,0,0,0,0,0,0,0,757,0,,,,table number,0,0,15,0,,0,,,
Rind. 1500.col. 4,dec/DataSet/Data/CAP/CAP_R[line]/CAP1_R1500_C4_FILIAL,CAP,,numeric,textfield,,,0,0,0,0,0,0,0,758,0,,,,table number,0,0,15,0,,0,,,
Rind. 1610.col. 1,dec/DataSet/Data/CAP/CAP_R[line]/CAP1_R1610_C1_FILIAL,CAP,,float,textfield,,,0,0,0,0,0,0,0,759,0,,,,table number,0,0,15,1,,0,,,
Rind. 1610.col. 2,dec/DataSet/Data/CAP/CAP_R[line]/CAP1_R1610_C2_FILIAL,CAP,,float,textfield,,,0,0,0,0,0,0,0,760,0,,,,table number,0,0,15,1,,0,,,
Rind. 1610.col. 3,dec/DataSet/Data/CAP/CAP_R[line]/CAP1_R1610_C3_FILIAL,CAP,,numeric,textfield,,,0,0,0,0,0,0,0,761,0,,,,table number,0,0,15,1,,0,,,
Rind. 1610.col. 4,dec/DataSet/Data/CAP/CAP_R[line]/CAP1_R1610_C4_FILIAL,CAP,,numeric,textfield,,,0,0,0,0,0,0,0,762,0,,,,table number,0,0,15,1,,0,,,
Rind. 1610.col. 5,dec/DataSet/Data/CAP/CAP_R[line]/CAP1_R1610_C5_FILIAL,CAP,,numeric,textfield,,,0,0,0,0,0,0,0,763,0,,,,table number,0,0,15,1,,0,,,
Rind. 1620.col. 1,dec/DataSet/Data/CAP/CAP_R[line]/CAP1_R1620_C1_FILIAL,CAP,,float,textfield,,,0,0,0,0,0,1,0,764,0,,,,table number,0,0,15,1,,0,,,
Rind. 1620.col. 2,dec/DataSet/Data/CAP/CAP_R[line]/CAP1_R1620_C2_FILIAL,CAP,,float,textfield,,,0,0,0,0,0,1,0,765,0,,,,table number,0,0,15,1,,0,,,
Rind. 1620.col. 3,dec/DataSet/Data/CAP/CAP_R[line]/CAP1_R1620_C3_FILIAL,CAP,,numeric,textfield,,,0,0,0,0,0,1,0,766,0,,,,table number,0,0,15,1,,0,,,
Rind. 1620.col. 5,dec/DataSet/Data/CAP/CAP_R[line]/CAP1_R1620_C5_FILIAL,CAP,,numeric,textfield,,,0,0,0,0,0,1,0,767,0,,,,table number,0,0,15,1,,0,,,
Rind. 1621.col. 1,dec/DataSet/Data/CAP/CAP_R[line]/CAP1_R1621_C1_FILIAL,CAP,,float,textfield,,,0,0,0,0,0,0,0,768,0,,,,table number,0,0,15,1,,0,,,
Rind. 1621.col. 2,dec/DataSet/Data/CAP/CAP_R[line]/CAP1_R1621_C2_FILIAL,CAP,,float,textfield,,,0,0,0,0,0,0,0,769,0,,,,table number,0,0,15,1,,0,,,
Rind. 1621.col. 3,dec/DataSet/Data/CAP/CAP_R[line]/CAP1_R1621_C3_FILIAL,CAP,,numeric,textfield,,,0,0,0,0,0,0,0,770,0,,,,table number,0,0,15,1,,0,,,
Rind. 1621.col. 5,dec/DataSet/Data/CAP/CAP_R[line]/CAP1_R1621_C5_FILIAL,CAP,,numeric,textfield,,,0,0,0,0,0,0,0,771,0,,,,table number,0,0,15,1,,0,,,
Rind. 1622.col. 1,dec/DataSet/Data/CAP/CAP_R[line]/CAP1_R1622_C1_FILIAL,CAP,,float,textfield,,,0,0,0,0,0,0,0,772,0,,,,table number,0,0,15,1,,0,,,
Rind. 1622.col. 2,dec/DataSet/Data/CAP/CAP_R[line]/CAP1_R1622_C2_FILIAL,CAP,,float,textfield,,,0,0,0,0,0,0,0,773,0,,,,table number,0,0,15,1,,0,,,
Rind. 1622.col. 3,dec/DataSet/Data/CAP/CAP_R[line]/CAP1_R1622_C3_FILIAL,CAP,,numeric,textfield,,,0,0,0,0,0,0,0,774,0,,,,table number,0,0,15,1,,0,,,
Rind. 1622.col. 5,dec/DataSet/Data/CAP/CAP_R[line]/CAP1_R1622_C5_FILIAL,CAP,,numeric,textfield,,,0,0,0,0,0,0,0,775,0,,,,table number,0,0,15,1,,0,,,
Rind. 1623.col. 1,dec/DataSet/Data/CAP/CAP_R[line]/CAP1_R1623_C1_FILIAL,CAP,,float,textfield,,,0,0,0,0,0,0,0,776,0,,,,table number,0,0,15,1,,0,,,
Rind. 1623.col. 2,dec/DataSet/Data/CAP/CAP_R[line]/CAP1_R1623_C2_FILIAL,CAP,,float,textfield,,,0,0,0,0,0,0,0,777,0,,,,table number,0,0,15,1,,0,,,
Rind. 1623.col. 3,dec/DataSet/Data/CAP/CAP_R[line]/CAP1_R1623_C3_FILIAL,CAP,,numeric,textfield,,,0,0,0,0,0,0,0,778,0,,,,table number,0,0,15,1,,0,,,
Rind. 1623.col. 5,dec/DataSet/Data/CAP/CAP_R[line]/CAP1_R1623_C5_FILIAL,CAP,,numeric,textfield,,,0,0,0,0,0,0,0,779,0,,,,table number,0,0,15,1,,0,,,
Rind. 1624.col. 1,dec/DataSet/Data/CAP/CAP_R[line]/CAP1_R1624_C1_FILIAL,CAP,,float,textfield,,,0,0,0,0,0,0,0,780,0,,,,table number,0,0,15,1,,0,,,
Rind. 1624.col. 2,dec/DataSet/Data/CAP/CAP_R[line]/CAP1_R1624_C2_FILIAL,CAP,,float,textfield,,,0,0,0,0,0,0,0,781,0,,,,table number,0,0,15,1,,0,,,
Rind. 1624.col. 3,dec/DataSet/Data/CAP/CAP_R[line]/CAP1_R1624_C3_FILIAL,CAP,,numeric,textfield,,,0,0,0,0,0,0,0,782,0,,,,table number,0,0,15,1,,0,,,
Rind. 1624.col. 5,dec/DataSet/Data/CAP/CAP_R[line]/CAP1_R1624_C5_FILIAL,CAP,,numeric,textfield,,,0,0,0,0,0,0,0,783,0,,,,table number,0,0,15,1,,0,,,
Rînd. 1625 col.1,dec/DataSet/Data/CAP/CAP_R[line]/CAP1_R1625_C1_FILIAL,CAP,,numeric,textfield,,,0,0,0,0,0,0,0,858,0,,,,table number,0,0,15,0,,0,,,
Rind. 1625.col. 2,dec/DataSet/Data/CAP/CAP_R[line]/CAP1_R1625_C2_FILIAL,CAP,,float,textfield,,,0,0,0,0,0,0,0,785,0,,,,table number,0,0,15,1,,0,,,
Rind. 1625.col. 3,dec/DataSet/Data/CAP/CAP_R[line]/CAP1_R1625_C3_FILIAL,CAP,,numeric,textfield,,,0,0,0,0,0,0,0,786,0,,,,table number,0,0,15,1,,0,,,
Rind. 1625.col. 5,dec/DataSet/Data/CAP/CAP_R[line]/CAP1_R1625_C5_FILIAL,CAP,,numeric,textfield,,,0,0,0,0,0,0,0,787,0,,,,table number,0,0,15,1,,0,,,
Rind. 1626.col. 1,dec/DataSet/Data/CAP/CAP_R[line]/CAP1_R1626_C1_FILIAL,CAP,,float,textfield,,,0,0,0,0,0,0,0,788,0,,,,table number,0,0,15,1,,0,,,
Rind. 1626.col. 2,dec/DataSet/Data/CAP/CAP_R[line]/CAP1_R1626_C2_FILIAL,CAP,,float,textfield,,,0,0,0,0,0,0,0,789,0,,,,table number,0,0,15,1,,0,,,
Rind. 1626.col. 3,dec/DataSet/Data/CAP/CAP_R[line]/CAP1_R1626_C3_FILIAL,CAP,,numeric,textfield,,,0,0,0,0,0,0,0,790,0,,,,table number,0,0,15,1,,0,,,
Rind. 1626.col. 5,dec/DataSet/Data/CAP/CAP_R[line]/CAP1_R1626_C5_FILIAL,CAP,,numeric,textfield,,,0,0,0,0,0,0,0,791,0,,,,table number,0,0,15,1,,0,,,
Rind. 1627.col. 1,dec/DataSet/Data/CAP/CAP_R[line]/CAP1_R1627_C1_FILIAL,CAP,,float,textfield,,,0,0,0,0,0,0,0,792,0,,,,table number,0,0,15,1,,0,,,
Rind. 1627.col. 2,dec/DataSet/Data/CAP/CAP_R[line]/CAP1_R1627_C2_FILIAL,CAP,,float,textfield,,,0,0,0,0,0,0,0,793,0,,,,table number,0,0,15,1,,0,,,
Rind. 1627.col. 3,dec/DataSet/Data/CAP/CAP_R[line]/CAP1_R1627_C3_FILIAL,CAP,,numeric,textfield,,,0,0,0,0,0,0,0,794,0,,,,table number,0,0,15,1,,0,,,
Rind. 1627.col. 5,dec/DataSet/Data/CAP/CAP_R[line]/CAP1_R1627_C5_FILIAL,CAP,,numeric,textfield,,,0,0,0,0,0,0,0,795,0,,,,table number,0,0,15,1,,0,,,
Rind. 1628.col. 1,dec/DataSet/Data/CAP/CAP_R[line]/CAP1_R1628_C1_FILIAL,CAP,,float,textfield,,,0,0,0,0,0,0,0,796,0,,,,table number,0,0,15,1,,0,,,
Rind. 1628.col. 2,dec/DataSet/Data/CAP/CAP_R[line]/CAP1_R1628_C2_FILIAL,CAP,,float,textfield,,,0,0,0,0,0,0,0,797,0,,,,table number,0,0,15,1,,0,,,
Rind. 1628.col. 3,dec/DataSet/Data/CAP/CAP_R[line]/CAP1_R1628_C3_FILIAL,CAP,,numeric,textfield,,,0,0,0,0,0,0,0,798,0,,,,table number,0,0,15,1,,0,,,
Rind. 1628.col. 5,dec/DataSet/Data/CAP/CAP_R[line]/CAP1_R1628_C5_FILIAL,CAP,,numeric,textfield,,,0,0,0,0,0,0,0,799,0,,,,table number,0,0,15,1,,0,,,
Rind. 1629.col. 1,dec/DataSet/Data/CAP/CAP_R[line]/CAP1_R1629_C1_FILIAL,CAP,,float,textfield,,,0,0,0,0,0,0,0,800,0,,,,table number,0,0,15,1,,0,,,
Rind. 1629.col. 2,dec/DataSet/Data/CAP/CAP_R[line]/CAP1_R1629_C2_FILIAL,CAP,,float,textfield,,,0,0,0,0,0,0,0,801,0,,,,table number,0,0,15,1,,0,,,
Rind. 1629.col. 3,dec/DataSet/Data/CAP/CAP_R[line]/CAP1_R1629_C3_FILIAL,CAP,,numeric,textfield,,,0,0,0,0,0,0,0,802,0,,,,table number,0,0,15,1,,0,,,
Rind. 1629.col. 5,dec/DataSet/Data/CAP/CAP_R[line]/CAP1_R1629_C5_FILIAL,CAP,,numeric,textfield,,,0,0,0,0,0,0,0,803,0,,,,table number,0,0,15,1,,0,,,
Rînd. 1630 col.1,dec/DataSet/Data/CAP/CAP_R[line]/CAP1_R1630_C1_FILIAL,CAP,,numeric,textfield,,,0,0,0,0,0,0,0,859,0,,,,table number,0,0,15,0,,0,,,
Rind. 1630.col. 2,dec/DataSet/Data/CAP/CAP_R[line]/CAP1_R1630_C2_FILIAL,CAP,,float,textfield,,,0,0,0,0,0,0,0,805,0,,,,table number,0,0,15,1,,0,,,
Rind. 1630.col. 3,dec/DataSet/Data/CAP/CAP_R[line]/CAP1_R1630_C3_FILIAL,CAP,,numeric,textfield,,,0,0,0,0,0,0,0,806,0,,,,table number,0,0,15,1,,0,,,
Rind. 1630.col. 5,dec/DataSet/Data/CAP/CAP_R[line]/CAP1_R1630_C5_FILIAL,CAP,,numeric,textfield,,,0,0,0,0,0,0,0,807,0,,,,table number,0,0,15,1,,0,,,
Rînd. 1631 col.1,dec/DataSet/Data/CAP/CAP_R[line]/CAP1_R1631_C1_FILIAL,CAP,,numeric,textfield,,,0,0,0,0,0,0,0,860,0,,,,table number,0,0,15,0,,0,,,
Rind. 1631.col. 2,dec/DataSet/Data/CAP/CAP_R[line]/CAP1_R1631_C2_FILIAL,CAP,,float,textfield,,,0,0,0,0,0,0,0,809,0,,,,table number,0,0,15,1,,0,,,
Rind. 1631.col. 3,dec/DataSet/Data/CAP/CAP_R[line]/CAP1_R1631_C3_FILIAL,CAP,,numeric,textfield,,,0,0,0,0,0,0,0,810,0,,,,table number,0,0,15,1,,0,,,
Rind. 1631.col. 5,dec/DataSet/Data/CAP/CAP_R[line]/CAP1_R1631_C5_FILIAL,CAP,,numeric,textfield,,,0,0,0,0,0,0,0,811,0,,,,table number,0,0,15,1,,0,,,
Rind. 1632.col. 1,dec/DataSet/Data/CAP/CAP_R[line]/CAP1_R1632_C1_FILIAL,CAP,,float,textfield,,,0,0,0,0,0,0,0,812,0,,,,table number,0,0,15,1,,0,,,
Rind. 1632.col. 2,dec/DataSet/Data/CAP/CAP_R[line]/CAP1_R1632_C2_FILIAL,CAP,,float,textfield,,,0,0,0,0,0,0,0,813,0,,,,table number,0,0,15,1,,0,,,
Rind. 1632.col. 3,dec/DataSet/Data/CAP/CAP_R[line]/CAP1_R1632_C3_FILIAL,CAP,,numeric,textfield,,,0,0,0,0,0,0,0,814,0,,,,table number,0,0,15,1,,0,,,
Rind. 1632.col. 5,dec/DataSet/Data/CAP/CAP_R[line]/CAP1_R1632_C5_FILIAL,CAP,,numeric,textfield,,,0,0,0,0,0,0,0,815,0,,,,table number,0,0,15,1,,0,,,
Rind. 1633.col. 1,dec/DataSet/Data/CAP/CAP_R[line]/CAP1_R1633_C1_FILIAL,CAP,,float,textfield,,,0,0,0,0,0,0,0,816,0,,,,table number,0,0,15,1,,0,,,
Rind. 1633.col. 2,dec/DataSet/Data/CAP/CAP_R[line]/CAP1_R1633_C2_FILIAL,CAP,,float,textfield,,,0,0,0,0,0,0,0,817,0,,,,table number,0,0,15,1,,0,,,
Rind. 1633.col. 3,dec/DataSet/Data/CAP/CAP_R[line]/CAP1_R1633_C3_FILIAL,CAP,,numeric,textfield,,,0,0,0,0,0,0,0,818,0,,,,table number,0,0,15,1,,0,,,
Rind. 1633.col. 5,dec/DataSet/Data/CAP/CAP_R[line]/CAP1_R1633_C5_FILIAL,CAP,,numeric,textfield,,,0,0,0,0,0,0,0,819,0,,,,table number,0,0,15,1,,0,,,
Rind. 1634.col. 1,dec/DataSet/Data/CAP/CAP_R[line]/CAP1_R1634_C1_FILIAL,CAP,,float,textfield,,,0,0,0,0,0,0,0,820,0,,,,table number,0,0,15,1,,0,,,
Rind. 1634.col. 2,dec/DataSet/Data/CAP/CAP_R[line]/CAP1_R1634_C2_FILIAL,CAP,,float,textfield,,,0,0,0,0,0,0,0,821,0,,,,table number,0,0,15,1,,0,,,
Rind. 1634.col. 3,dec/DataSet/Data/CAP/CAP_R[line]/CAP1_R1634_C3_FILIAL,CAP,,numeric,textfield,,,0,0,0,0,0,0,0,822,0,,,,table number,0,0,15,1,,0,,,
Rind. 1634.col. 5,dec/DataSet/Data/CAP/CAP_R[line]/CAP1_R1634_C5_FILIAL,CAP,,numeric,textfield,,,0,0,0,0,0,0,0,823,0,,,,table number,0,0,15,1,,0,,,
Rind. 1635.col. 1,dec/DataSet/Data/CAP/CAP_R[line]/CAP1_R1635_C1_FILIAL,CAP,,float,textfield,,,0,0,0,0,0,0,0,824,0,,,,table number,0,0,15,1,,0,,,
Rind. 1635.col. 2,dec/DataSet/Data/CAP/CAP_R[line]/CAP1_R1635_C2_FILIAL,CAP,,float,textfield,,,0,0,0,0,0,0,0,825,0,,,,table number,0,0,15,1,,0,,,
Rind. 1635.col. 3,dec/DataSet/Data/CAP/CAP_R[line]/CAP1_R1635_C3_FILIAL,CAP,,numeric,textfield,,,0,0,0,0,0,0,0,826,0,,,,table number,0,0,15,1,,0,,,
Rind. 1635.col. 5,dec/DataSet/Data/CAP/CAP_R[line]/CAP1_R1635_C5_FILIAL,CAP,,numeric,textfield,,,0,0,0,0,0,0,0,827,0,,,,table number,0,0,15,1,,0,,,
Rind. 1636.col. 1,dec/DataSet/Data/CAP/CAP_R[line]/CAP1_R1636_C1_FILIAL,CAP,,float,textfield,,,0,0,0,0,0,0,0,828,0,,,,table number,0,0,15,1,,0,,,
Rind. 1636.col. 2,dec/DataSet/Data/CAP/CAP_R[line]/CAP1_R1636_C2_FILIAL,CAP,,float,textfield,,,0,0,0,0,0,0,0,829,0,,,,table number,0,0,15,1,,0,,,
Rind. 1636.col. 3,dec/DataSet/Data/CAP/CAP_R[line]/CAP1_R1636_C3_FILIAL,CAP,,numeric,textfield,,,0,0,0,0,0,0,0,830,0,,,,table number,0,0,15,1,,0,,,
Rind. 1636.col. 5,dec/DataSet/Data/CAP/CAP_R[line]/CAP1_R1636_C5_FILIAL,CAP,,numeric,textfield,,,0,0,0,0,0,0,0,831,0,,,,table number,0,0,15,1,,0,,,
Rind. 1640.col. 1,dec/DataSet/Data/CAP/CAP_R[line]/CAP1_R1640_C1_FILIAL,CAP,,float,textfield,,,0,0,0,0,0,0,0,832,0,,,,table number,0,0,15,1,,0,,,
Rind. 1640.col. 2,dec/DataSet/Data/CAP/CAP_R[line]/CAP1_R1640_C2_FILIAL,CAP,,float,textfield,,,0,0,0,0,0,0,0,833,0,,,,table number,0,0,15,1,,0,,,
Rind. 1640.col. 3,dec/DataSet/Data/CAP/CAP_R[line]/CAP1_R1640_C3_FILIAL,CAP,,numeric,textfield,,,0,0,0,0,0,0,0,834,0,,,,table number,0,0,15,1,,0,,,
Rind. 1650.col. 1,dec/DataSet/Data/CAP/CAP_R[line]/CAP1_R1650_C1_FILIAL,CAP,,float,textfield,,,0,0,0,0,0,0,0,835,0,,,,table number,0,0,15,1,,0,,,
Rind. 1650.col. 2,dec/DataSet/Data/CAP/CAP_R[line]/CAP1_R1650_C2_FILIAL,CAP,,float,textfield,,,0,0,0,0,0,0,0,836,0,,,,table number,0,0,15,1,,0,,,
Rind. 1650.col. 3,dec/DataSet/Data/CAP/CAP_R[line]/CAP1_R1650_C3_FILIAL,CAP,,numeric,textfield,,,0,0,0,0,0,0,0,837,0,,,,table number,0,0,15,1,,0,,,
Rind. 1660.col. 1,dec/DataSet/Data/CAP/CAP_R[line]/CAP1_R1660_C1_FILIAL,CAP,,float,textfield,,,0,0,0,0,0,0,0,838,0,,,,table number,0,0,15,1,,0,,,
Rind. 1660.col. 2,dec/DataSet/Data/CAP/CAP_R[line]/CAP1_R1660_C2_FILIAL,CAP,,float,textfield,,,0,0,0,0,0,0,0,839,0,,,,table number,0,0,15,1,,0,,,
Rind. 1660.col. 3,dec/DataSet/Data/CAP/CAP_R[line]/CAP1_R1660_C3_FILIAL,CAP,,numeric,textfield,,,0,0,0,0,0,0,0,840,0,,,,table number,0,0,15,1,,0,,,
Rind. 1670.col. 1,dec/DataSet/Data/CAP/CAP_R[line]/CAP1_R1670_C1_FILIAL,CAP,,float,textfield,,,0,0,0,0,0,0,0,841,0,,,,table number,0,0,15,1,,0,,,
Rind. 1670.col. 2,dec/DataSet/Data/CAP/CAP_R[line]/CAP1_R1670_C2_FILIAL,CAP,,float,textfield,,,0,0,0,0,0,0,0,842,0,,,,table number,0,0,15,1,,0,,,
Rind. 1670.col. 3,dec/DataSet/Data/CAP/CAP_R[line]/CAP1_R1670_C3_FILIAL,CAP,,numeric,textfield,,,0,0,0,0,0,0,0,843,0,,,,table number,0,0,15,1,,0,,,
Rind. 1670.col. 5,dec/DataSet/Data/CAP/CAP_R[line]/CAP1_R1670_C5_FILIAL,CAP,,numeric,textfield,,,0,0,0,0,0,0,0,844,0,,,,table number,0,0,15,1,,0,,,
Rind. 1680.col. 1,dec/DataSet/Data/CAP/CAP_R[line]/CAP1_R1680_C1_FILIAL,CAP,,float,textfield,,,0,0,0,0,0,1,0,845,0,,,,table number,0,0,15,1,,0,,,
Rind. 1680.col. 2,dec/DataSet/Data/CAP/CAP_R[line]/CAP1_R1680_C2_FILIAL,CAP,,float,textfield,,,0,0,0,0,0,1,0,846,0,,,,table number,0,0,15,1,,0,,,
Rind. 1680.col. 3,dec/DataSet/Data/CAP/CAP_R[line]/CAP1_R1680_C3_FILIAL,CAP,,numeric,textfield,,,0,0,0,0,0,1,0,847,0,,,,table number,0,0,15,1,,0,,,
Rind. 1680.col. 5,dec/DataSet/Data/CAP/CAP_R[line]/CAP1_R1680_C5_FILIAL,CAP,,numeric,textfield,,,0,0,0,0,0,1,0,848,0,,,,table number,0,0,15,1,,0,,,
Rind. 1681.col. 1,dec/DataSet/Data/CAP/CAP_R[line]/CAP1_R1681_C1_FILIAL,CAP,,float,textfield,,,0,0,0,0,0,0,0,849,0,,,,table number,0,0,15,1,,0,,,
Rind. 1681.col. 2,dec/DataSet/Data/CAP/CAP_R[line]/CAP1_R1681_C2_FILIAL,CAP,,float,textfield,,,0,0,0,0,0,0,0,850,0,,,,table number,0,0,15,1,,0,,,
Rind. 1681.col. 3,dec/DataSet/Data/CAP/CAP_R[line]/CAP1_R1681_C3_FILIAL,CAP,,numeric,textfield,,,0,0,0,0,0,0,0,851,0,,,,table number,0,0,15,1,,0,,,
Rind. 1681.col. 5,dec/DataSet/Data/CAP/CAP_R[line]/CAP1_R1681_C5_FILIAL,CAP,,numeric,textfield,,,0,0,0,0,0,0,0,852,0,,,,table number,0,0,15,1,,0,,,
Rind. 1682.col. 1,dec/DataSet/Data/CAP/CAP_R[line]/CAP1_R1682_C1_FILIAL,CAP,,float,textfield,,,0,0,0,0,0,0,0,853,0,,,,table number,0,0,15,1,,0,,,
Rind. 1682.col. 2,dec/DataSet/Data/CAP/CAP_R[line]/CAP1_R1682_C2_FILIAL,CAP,,float,textfield,,,0,0,0,0,0,0,0,854,0,,,,table number,0,0,15,1,,0,,,
Rind. 1682.col. 3,dec/DataSet/Data/CAP/CAP_R[line]/CAP1_R1682_C3_FILIAL,CAP,,numeric,textfield,,,0,0,0,0,0,0,0,855,0,,,,table number,0,0,15,1,,0,,,
Rind. 1682.col. 5,dec/DataSet/Data/CAP/CAP_R[line]/CAP1_R1682_C5_FILIAL,CAP,,numeric,textfield,,,0,0,0,0,0,0,0,856,0,,,,table number,0,0,15,1,,0,,,
Rind. 1690.col. 1,dec/DataSet/Data/CAP/CAP_R[line]/CAP1_R1690_C1_FILIAL,CAP,,float,textfield,,,0,0,0,0,0,0,0,857,0,,,,table number,0,0,15,1,,0,,,
Rind. 1690.col. 2,dec/DataSet/Data/CAP/CAP_R[line]/CAP1_R1690_C2_FILIAL,CAP,,float,textfield,,,0,0,0,0,0,0,0,858,0,,,,table number,0,0,15,1,,0,,,
Rind. 1690.col. 3,dec/DataSet/Data/CAP/CAP_R[line]/CAP1_R1690_C3_FILIAL,CAP,,numeric,textfield,,,0,0,0,0,0,0,0,859,0,,,,table number,0,0,15,1,,0,,,
Rind. 1700.col. 1,dec/DataSet/Data/CAP/CAP_R[line]/CAP1_R1700_C1_FILIAL,CAP,,float,textfield,,,0,0,0,0,0,1,0,860,0,,,,table number,0,0,15,1,,0,,,
Rind. 1800.col. 3,dec/DataSet/Data/CAP/CAP_R[line]/CAP1_R1800_C3_FILIAL,CAP,,numeric,textfield,,,0,0,0,0,0,1,0,861,0,,,,table number,0,0,15,1,,0,,,
Rind. 1800.col. 5,dec/DataSet/Data/CAP/CAP_R[line]/CAP1_R1800_C5_FILIAL,CAP,,numeric,textfield,,,0,0,0,0,0,1,0,862,0,,,,table number,0,0,15,1,,0,,,
Rind. 1900.col. 1,dec/DataSet/Data/CAP/CAP_R[line]/CAP1_R1900_C1_FILIAL,CAP,,numeric,textfield,,,0,0,0,0,0,1,0,863,0,,,,table number,0,0,15,0,,0,,,
Rind. 1900.col. 2,dec/DataSet/Data/CAP/CAP_R[line]/CAP1_R1900_C2_FILIAL,CAP,,numeric,textfield,,,0,0,0,0,0,0,0,864,0,,,,table number,0,0,15,0,,0,,,
Rind. 1900.col. 3,dec/DataSet/Data/CAP/CAP_R[line]/CAP1_R1900_C3_FILIAL,CAP,,numeric,textfield,,,0,0,0,0,0,0,0,865,0,,,,table number,0,0,15,0,,0,,,
Rind. 1900.col. 5,dec/DataSet/Data/CAP/CAP_R[line]/CAP1_R1900_C5_FILIAL,CAP,,numeric,textfield,,,0,0,0,0,0,0,0,866,0,,,,table number,0,0,15,0,,0,,,
Rind. 1910.col. 1,dec/DataSet/Data/CAP/CAP_R[line]/CAP1_R1910_C1_FILIAL,CAP,,numeric,textfield,,,0,0,0,0,0,0,0,867,0,,,,table number,0,0,15,0,,0,,,
Rind. 1910.col. 2,dec/DataSet/Data/CAP/CAP_R[line]/CAP1_R1910_C2_FILIAL,CAP,,numeric,textfield,,,0,0,0,0,0,0,0,868,0,,,,table number,0,0,15,0,,0,,,
Rind. 1910.col. 3,dec/DataSet/Data/CAP/CAP_R[line]/CAP1_R1910_C3_FILIAL,CAP,,numeric,textfield,,,0,0,0,0,0,0,0,869,0,,,,table number,0,0,15,0,,0,,,
Rind. 1910.col. 5,dec/DataSet/Data/CAP/CAP_R[line]/CAP1_R1910_C5_FILIAL,CAP,,numeric,textfield,,,0,0,0,0,0,0,0,870,0,,,,table number,0,0,15,0,,0,,,
Rind. 1920.col. 1,dec/DataSet/Data/CAP/CAP_R[line]/CAP1_R1920_C1_FILIAL,CAP,,numeric,textfield,,,0,0,0,0,0,0,0,871,0,,,,table number,0,0,15,0,,0,,,
Rind. 1920.col. 2,dec/DataSet/Data/CAP/CAP_R[line]/CAP1_R1920_C2_FILIAL,CAP,,numeric,textfield,,,0,0,0,0,0,0,0,872,0,,,,table number,0,0,15,0,,0,,,
Rind. 1920.col. 3,dec/DataSet/Data/CAP/CAP_R[line]/CAP1_R1920_C3_FILIAL,CAP,,numeric,textfield,,,0,0,0,0,0,0,0,873,0,,,,table number,0,0,15,0,,0,,,
Rind. 1920.col. 5,dec/DataSet/Data/CAP/CAP_R[line]/CAP1_R1920_C5_FILIAL,CAP,,numeric,textfield,,,0,0,0,0,0,0,0,874,0,,,,table number,0,0,15,0,,0,,,
Rind. 1930.col. 1,dec/DataSet/Data/CAP/CAP_R[line]/CAP1_R1930_C1_FILIAL,CAP,,numeric,textfield,,,0,0,0,0,0,0,0,875,0,,,,table number,0,0,15,0,,0,,,
Rind. 1930.col. 2,dec/DataSet/Data/CAP/CAP_R[line]/CAP1_R1930_C2_FILIAL,CAP,,numeric,textfield,,,0,0,0,0,0,0,0,876,0,,,,table number,0,0,15,0,,0,,,
Rind. 1930.col. 3,dec/DataSet/Data/CAP/CAP_R[line]/CAP1_R1930_C3_FILIAL,CAP,,numeric,textfield,,,0,0,0,0,0,0,0,877,0,,,,table number,0,0,15,0,,0,,,
Rind. 1930.col. 5,dec/DataSet/Data/CAP/CAP_R[line]/CAP1_R1930_C5_FILIAL,CAP,,numeric,textfield,,,0,0,0,0,0,0,0,878,0,,,,table number,0,0,15,0,,0,,,
Rind. 1940.col. 1,dec/DataSet/Data/CAP/CAP_R[line]/CAP1_R1940_C1_FILIAL,CAP,,numeric,textfield,,,0,0,0,0,0,0,0,879,0,,,,table number,0,0,15,0,,0,,,
Rind. 1940.col. 2,dec/DataSet/Data/CAP/CAP_R[line]/CAP1_R1940_C2_FILIAL,CAP,,numeric,textfield,,,0,0,0,0,0,0,0,880,0,,,,table number,0,0,15,0,,0,,,
Rind. 1940.col. 3,dec/DataSet/Data/CAP/CAP_R[line]/CAP1_R1940_C3_FILIAL,CAP,,numeric,textfield,,,0,0,0,0,0,0,0,881,0,,,,table number,0,0,15,0,,0,,,
Rind. 1940.col. 5,dec/DataSet/Data/CAP/CAP_R[line]/CAP1_R1940_C5_FILIAL,CAP,,numeric,textfield,,,0,0,0,0,0,0,0,882,0,,,,table number,0,0,15,0,,0,,,
Rind. 1950.col. 1,dec/DataSet/Data/CAP/CAP_R[line]/CAP1_R1950_C1_FILIAL,CAP,,numeric,textfield,,,0,0,0,0,0,0,0,883,0,,,,table number,0,0,15,0,,0,,,
Rind. 1951.col. 2,dec/DataSet/Data/CAP/CAP_R[line]/CAP1_R1951_C2_FILIAL,CAP,,numeric,textfield,,,0,0,0,0,0,0,0,884,0,,,,table number,0,0,15,0,,0,,,
Rind. 1951.col. 3,dec/DataSet/Data/CAP/CAP_R[line]/CAP1_R1951_C3_FILIAL,CAP,,numeric,textfield,,,0,0,0,0,0,0,0,885,0,,,,table number,0,0,15,0,,0,,,
Rind. 1951.col. 5,dec/DataSet/Data/CAP/CAP_R[line]/CAP1_R1951_C5_FILIAL,CAP,,numeric,textfield,,,0,0,0,0,0,0,0,886,0,,,,table number,0,0,15,0,,0,,,
Rind. 1952.col. 2,dec/DataSet/Data/CAP/CAP_R[line]/CAP1_R1952_C2_FILIAL,CAP,,numeric,textfield,,,0,0,0,0,0,0,0,887,0,,,,table number,0,0,15,0,,0,,,
Rind. 1952.col. 3,dec/DataSet/Data/CAP/CAP_R[line]/CAP1_R1952_C3_FILIAL,CAP,,numeric,textfield,,,0,0,0,0,0,0,0,888,0,,,,table number,0,0,15,0,,0,,,
Rind. 1952.col. 5,dec/DataSet/Data/CAP/CAP_R[line]/CAP1_R1952_C5_FILIAL,CAP,,numeric,textfield,,,0,0,0,0,0,0,0,889,0,,,,table number,0,0,15,0,,0,,,
Rind. 1953.col. 2,dec/DataSet/Data/CAP/CAP_R[line]/CAP1_R1953_C2_FILIAL,CAP,,numeric,textfield,,,0,0,0,0,0,0,0,890,0,,,,table number,0,0,15,0,,0,,,
Rind. 1953.col. 4,dec/DataSet/Data/CAP/CAP_R[line]/CAP1_R1953_C4_FILIAL,CAP,,numeric,textfield,,,0,0,0,0,0,0,0,891,0,,,,table number,0,0,15,0,,0,,,
Rind. 1960.col. 1,dec/DataSet/Data/CAP/CAP_R[line]/CAP1_R1960_C1_FILIAL,CAP,,numeric,textfield,,,0,0,0,0,0,0,0,892,0,,,,table number,0,0,15,0,,0,,,
Rind. 1960.col. 2,dec/DataSet/Data/CAP/CAP_R[line]/CAP1_R1960_C2_FILIAL,CAP,,numeric,textfield,,,0,0,0,0,0,0,0,893,0,,,,table number,0,0,15,0,,0,,,
Rind. 1960.col. 3,dec/DataSet/Data/CAP/CAP_R[line]/CAP1_R1960_C3_FILIAL,CAP,,numeric,textfield,,,0,0,0,0,0,0,0,894,0,,,,table number,0,0,15,0,,0,,,
Rind. 1960.col. 5,dec/DataSet/Data/CAP/CAP_R[line]/CAP1_R1960_C5_FILIAL,CAP,,numeric,textfield,,,0,0,0,0,0,0,0,895,0,,,,table number,0,0,15,0,,0,,,
Rind. 2000.col. 1,dec/DataSet/Data/CAP/CAP_R[line]/CAP1_R2000_C1_FILIAL,CAP,,numeric,textfield,,,0,0,0,0,0,1,0,896,0,,,,table number,0,0,15,0,,0,,,
Rind. 2100.col. 1,dec/DataSet/Data/CAP/CAP_R[line]/CAP1_R2100_C1_FILIAL,CAP,,numeric,textfield,,,0,0,0,0,0,0,0,897,0,,,,table number,0,0,15,0,,0,,,
Rind. 3000.col. 3,dec/DataSet/Data/CAP/CAP_R[line]/CAP1_R3000_C3_FILIAL,CAP,,numeric,textfield,,,0,0,0,0,0,0,0,898,0,,,,table number,0,0,15,0,,0,,,
Rind. 4000.col. 3,dec/DataSet/Data/CAP/CAP_R[line]/CAP1_R4000_C3_FILIAL,CAP,,numeric,textfield,,,0,0,0,0,0,0,0,899,0,,,,table number,0,0,15,0,,0,,,
Rind. 5000.col. 1,dec/DataSet/Data/CAP/CAP_R[line]/CAP1_R5000_C1_FILIAL,CAP,,numeric,textfield,,,0,0,0,0,0,0,0,900,0,,,,table number,0,0,15,0,,0,,,
Rind. 5100.col. 1,dec/DataSet/Data/CAP/CAP_R[line]/CAP1_R5100_C1_FILIAL,CAP,,numeric,textfield,,,0,0,0,0,0,0,0,901,0,,,,table number,0,0,15,0,,0,,,
Rind. 6100.col. 1,dec/DataSet/Data/CAP/CAP_R[line]/CAP1_R6100_C1_FILIAL,CAP,,numeric,textfield,,,0,0,0,0,0,1,0,902,0,,,,table number,0,0,15,0,,0,,,
Rind. 6100.col. 2,dec/DataSet/Data/CAP/CAP_R[line]/CAP1_R6100_C2_FILIAL,CAP,,numeric,textfield,,,0,0,0,0,0,1,0,903,0,,,,table number,0,0,15,0,,0,,,
Rind. 6110.col. 1,dec/DataSet/Data/CAP/CAP_R[line]/CAP1_R6110_C1_FILIAL,CAP,,numeric,textfield,,,0,0,0,0,0,0,0,904,0,,,,table number,0,0,15,0,,0,,,
Rind. 6110.col. 2,dec/DataSet/Data/CAP/CAP_R[line]/CAP1_R6110_C2_FILIAL,CAP,,numeric,textfield,,,0,0,0,0,0,0,0,905,0,,,,table number,0,0,15,0,,0,,,
Rind. 6120.col. 1,dec/DataSet/Data/CAP/CAP_R[line]/CAP1_R6120_C1_FILIAL,CAP,,numeric,textfield,,,0,0,0,0,0,0,0,906,0,,,,table number,0,0,15,0,,0,,,
Rind. 6120.col. 2,dec/DataSet/Data/CAP/CAP_R[line]/CAP1_R6120_C2_FILIAL,CAP,,numeric,textfield,,,0,0,0,0,0,0,0,907,0,,,,table number,0,0,15,0,,0,,,
Rind. 6130.col. 1,dec/DataSet/Data/CAP/CAP_R[line]/CAP1_R6130_C1_FILIAL,CAP,,numeric,textfield,,,0,0,0,0,0,0,0,908,0,,,,table number,0,0,15,0,,0,,,
Rind. 6130.col. 2,dec/DataSet/Data/CAP/CAP_R[line]/CAP1_R6130_C2_FILIAL,CAP,,numeric,textfield,,,0,0,0,0,0,0,0,909,0,,,,table number,0,0,15,0,,0,,,
Rind. 6200.col. 1,dec/DataSet/Data/CAP/CAP_R[line]/CAP1_R6200_C1_FILIAL,CAP,,numeric,textfield,,,0,0,0,0,0,0,0,910,0,,,,table number,0,0,15,0,,0,,,
Rind. 6200.col. 2,dec/DataSet/Data/CAP/CAP_R[line]/CAP1_R6200_C2_FILIAL,CAP,,numeric,textfield,,,0,0,0,0,0,0,0,911,0,,,,table number,0,0,15,0,,0,,,
Rind. 6300.col. 1,dec/DataSet/Data/CAP/CAP_R[line]/CAP1_R6300_C1_FILIAL,CAP,,numeric,textfield,,,0,0,0,0,0,0,0,912,0,,,,table number,0,0,15,0,,0,,,
Rind. 6300.col. 2,dec/DataSet/Data/CAP/CAP_R[line]/CAP1_R6300_C2_FILIAL,CAP,,numeric,textfield,,,0,0,0,0,0,0,0,913,0,,,,table number,0,0,15,0,,0,,,
Rind. 6400.col. 1,dec/DataSet/Data/CAP/CAP_R[line]/CAP1_R6400_C1_FILIAL,CAP,,numeric,textfield,,,0,0,0,0,0,0,0,914,0,,,,table number,0,0,15,0,,0,,,
Rind. 6400.col. 2,dec/DataSet/Data/CAP/CAP_R[line]/CAP1_R6400_C2_FILIAL,CAP,,numeric,textfield,,,0,0,0,0,0,0,0,915,0,,,,table number,0,0,15,0,,0,,,
Rind. 6500.col. 1,dec/DataSet/Data/CAP/CAP_R[line]/CAP1_R6500_C1_FILIAL,CAP,,numeric,textfield,,,0,0,0,0,0,0,0,916,0,,,,table number,0,0,15,0,,0,,,
Rind. 6500.col. 2,dec/DataSet/Data/CAP/CAP_R[line]/CAP1_R6500_C2_FILIAL,CAP,,numeric,textfield,,,0,0,0,0,0,0,0,917,0,,,,table number,0,0,15,0,,0,,,
Rind. 6600.col. 1,dec/DataSet/Data/CAP/CAP_R[line]/CAP1_R6600_C1_FILIAL,CAP,,numeric,textfield,,,0,0,0,0,0,0,0,918,0,,,,table number,0,0,15,0,,0,,,
Rind. 6600.col. 2,dec/DataSet/Data/CAP/CAP_R[line]/CAP1_R6600_C2_FILIAL,CAP,,numeric,textfield,,,0,0,0,0,0,0,0,919,0,,,,table number,0,0,15,0,,0,,,
Rind. 6700.col. 1,dec/DataSet/Data/CAP/CAP_R[line]/CAP1_R6700_C1_FILIAL,CAP,,numeric,textfield,,,0,0,0,0,0,0,0,920,0,,,,table number,0,0,15,0,,0,,,
Rind. 6700.col. 2,dec/DataSet/Data/CAP/CAP_R[line]/CAP1_R6700_C2_FILIAL,CAP,,numeric,textfield,,,0,0,0,0,0,0,0,921,0,,,,table number,0,0,15,0,,0,,,
Rind. 7100.col. 1,dec/DataSet/Data/CAP/CAP_R[line]/CAP2_R7100_C1_FILIAL,CAP,,numeric,textfield,,,0,0,0,0,0,1,0,926,0,,,,table number,0,0,15,0,,0,,,
Rind. 7100.col. 2,dec/DataSet/Data/CAP/CAP_R[line]/CAP2_R7100_C2_FILIAL,CAP,,numeric,textfield,,,0,0,0,0,0,1,0,927,0,,,,table number,0,0,15,0,,0,,,
Rind. 7100.col. 3,dec/DataSet/Data/CAP/CAP_R[line]/CAP2_R7100_C3_FILIAL,CAP,,numeric,textfield,,,0,0,0,0,0,1,0,928,0,,,,table number,0,0,15,0,,0,,,
Rind. 7100.col. 4,dec/DataSet/Data/CAP/CAP_R[line]/CAP2_R7100_C4_FILIAL,CAP,,numeric,textfield,,,0,0,0,0,0,1,0,929,0,,,,table number,0,0,15,0,,0,,,
Rind. 7110.col. 1,dec/DataSet/Data/CAP/CAP_R[line]/CAP2_R7110_C1_FILIAL,CAP,,numeric,textfield,,,0,0,0,0,0,0,0,930,0,,,,table number,0,0,15,0,,0,,,
Rind. 7110.col. 2,dec/DataSet/Data/CAP/CAP_R[line]/CAP2_R7110_C2_FILIAL,CAP,,numeric,textfield,,,0,0,0,0,0,0,0,931,0,,,,table number,0,0,15,0,,0,,,
Rind. 7110.col. 3,dec/DataSet/Data/CAP/CAP_R[line]/CAP2_R7110_C3_FILIAL,CAP,,numeric,textfield,,,0,0,0,0,0,0,0,932,0,,,,table number,0,0,15,0,,0,,,
Rind. 7110.col. 4,dec/DataSet/Data/CAP/CAP_R[line]/CAP2_R7110_C4_FILIAL,CAP,,numeric,textfield,,,0,0,0,0,0,0,0,933,0,,,,table number,0,0,15,0,,0,,,
Rind. 7120.col. 1,dec/DataSet/Data/CAP/CAP_R[line]/CAP2_R7120_C1_FILIAL,CAP,,numeric,textfield,,,0,0,0,0,0,0,0,934,0,,,,table number,0,0,15,0,,0,,,
Rind. 7120.col. 2,dec/DataSet/Data/CAP/CAP_R[line]/CAP2_R7120_C2_FILIAL,CAP,,numeric,textfield,,,0,0,0,0,0,0,0,935,0,,,,table number,0,0,15,0,,0,,,
Rind. 7120.col. 3,dec/DataSet/Data/CAP/CAP_R[line]/CAP2_R7120_C3_FILIAL,CAP,,numeric,textfield,,,0,0,0,0,0,0,0,936,0,,,,table number,0,0,15,0,,0,,,
Rind. 7120.col. 4,dec/DataSet/Data/CAP/CAP_R[line]/CAP2_R7120_C4_FILIAL,CAP,,numeric,textfield,,,0,0,0,0,0,0,0,937,0,,,,table number,0,0,15,0,,0,,,
Rind. 7130.col. 1,dec/DataSet/Data/CAP/CAP_R[line]/CAP2_R7130_C1_FILIAL,CAP,,numeric,textfield,,,0,0,0,0,0,0,0,938,0,,,,table number,0,0,15,0,,0,,,
Rind. 7130.col. 2,dec/DataSet/Data/CAP/CAP_R[line]/CAP2_R7130_C2_FILIAL,CAP,,numeric,textfield,,,0,0,0,0,0,0,0,939,0,,,,table number,0,0,15,0,,0,,,
Rind. 7130.col. 3,dec/DataSet/Data/CAP/CAP_R[line]/CAP2_R7130_C3_FILIAL,CAP,,numeric,textfield,,,0,0,0,0,0,0,0,940,0,,,,table number,0,0,15,0,,0,,,
Rind. 7130.col. 4,dec/DataSet/Data/CAP/CAP_R[line]/CAP2_R7130_C4_FILIAL,CAP,,numeric,textfield,,,0,0,0,0,0,0,0,941,0,,,,table number,0,0,15,0,,0,,,
Rind. 7140.col. 1,dec/DataSet/Data/CAP/CAP_R[line]/CAP2_R7140_C1_FILIAL,CAP,,numeric,textfield,,,0,0,0,0,0,0,0,942,0,,,,table number,0,0,15,0,,0,,,
Rind. 7140.col. 2,dec/DataSet/Data/CAP/CAP_R[line]/CAP2_R7140_C2_FILIAL,CAP,,numeric,textfield,,,0,0,0,0,0,0,0,943,0,,,,table number,0,0,15,0,,0,,,
Rind. 7140.col. 3,dec/DataSet/Data/CAP/CAP_R[line]/CAP2_R7140_C3_FILIAL,CAP,,numeric,textfield,,,0,0,0,0,0,0,0,944,0,,,,table number,0,0,15,0,,0,,,
Rind. 7140.col. 4,dec/DataSet/Data/CAP/CAP_R[line]/CAP2_R7140_C4_FILIAL,CAP,,numeric,textfield,,,0,0,0,0,0,0,0,945,0,,,,table number,0,0,15,0,,0,,,
Rind. 7200.col. 1,dec/DataSet/Data/CAP/CAP_R[line]/CAP2_R7200_C1_FILIAL,CAP,,numeric,textfield,,,0,0,0,0,0,1,0,946,0,,,,table number,0,0,15,0,,0,,,
Rind. 7200.col. 2,dec/DataSet/Data/CAP/CAP_R[line]/CAP2_R7200_C2_FILIAL,CAP,,numeric,textfield,,,0,0,0,0,0,1,0,947,0,,,,table number,0,0,15,0,,0,,,
Rind. 7200.col. 3,dec/DataSet/Data/CAP/CAP_R[line]/CAP2_R7200_C3_FILIAL,CAP,,numeric,textfield,,,0,0,0,0,0,1,0,948,0,,,,table number,0,0,15,0,,0,,,
Rind. 7200.col. 4,dec/DataSet/Data/CAP/CAP_R[line]/CAP2_R7200_C4_FILIAL,CAP,,numeric,textfield,,,0,0,0,0,0,1,0,949,0,,,,table number,0,0,15,0,,0,,,
Rind. 7210.col. 1,dec/DataSet/Data/CAP/CAP_R[line]/CAP2_R7210_C1_FILIAL,CAP,,numeric,textfield,,,0,0,0,0,0,0,0,950,0,,,,table number,0,0,15,0,,0,,,
Rind. 7210.col. 2,dec/DataSet/Data/CAP/CAP_R[line]/CAP2_R7210_C2_FILIAL,CAP,,numeric,textfield,,,0,0,0,0,0,0,0,951,0,,,,table number,0,0,15,0,,0,,,
Rind. 7210.col. 3,dec/DataSet/Data/CAP/CAP_R[line]/CAP2_R7210_C3_FILIAL,CAP,,numeric,textfield,,,0,0,0,0,0,0,0,952,0,,,,table number,0,0,15,0,,0,,,
Rind. 7210.col. 4,dec/DataSet/Data/CAP/CAP_R[line]/CAP2_R7210_C4_FILIAL,CAP,,numeric,textfield,,,0,0,0,0,0,0,0,953,0,,,,table number,0,0,15,0,,0,,,
Rind. 7220.col. 1,dec/DataSet/Data/CAP/CAP_R[line]/CAP2_R7220_C1_FILIAL,CAP,,numeric,textfield,,,0,0,0,0,0,0,0,954,0,,,,table number,0,0,15,0,,0,,,
Rind. 7220.col. 2,dec/DataSet/Data/CAP/CAP_R[line]/CAP2_R7220_C2_FILIAL,CAP,,numeric,textfield,,,0,0,0,0,0,0,0,955,0,,,,table number,0,0,15,0,,0,,,
Rind. 7220.col. 3,dec/DataSet/Data/CAP/CAP_R[line]/CAP2_R7220_C3_FILIAL,CAP,,numeric,textfield,,,0,0,0,0,0,0,0,956,0,,,,table number,0,0,15,0,,0,,,
Rind. 7220.col. 4,dec/DataSet/Data/CAP/CAP_R[line]/CAP2_R7220_C4_FILIAL,CAP,,numeric,textfield,,,0,0,0,0,0,0,0,957,0,,,,table number,0,0,15,0,,0,,,
Rind. 7230.col. 1,dec/DataSet/Data/CAP/CAP_R[line]/CAP2_R7230_C1_FILIAL,CAP,,numeric,textfield,,,0,0,0,0,0,0,0,958,0,,,,table number,0,0,15,0,,0,,,
Rind. 7230.col. 2,dec/DataSet/Data/CAP/CAP_R[line]/CAP2_R7230_C2_FILIAL,CAP,,numeric,textfield,,,0,0,0,0,0,0,0,959,0,,,,table number,0,0,15,0,,0,,,
Rind. 7230.col. 3,dec/DataSet/Data/CAP/CAP_R[line]/CAP2_R7230_C3_FILIAL,CAP,,numeric,textfield,,,0,0,0,0,0,0,0,960,0,,,,table number,0,0,15,0,,0,,,
Rind. 7230.col. 4,dec/DataSet/Data/CAP/CAP_R[line]/CAP2_R7230_C4_FILIAL,CAP,,numeric,textfield,,,0,0,0,0,0,0,0,961,0,,,,table number,0,0,15,0,,0,,,
Rind. 7240.col. 1,dec/DataSet/Data/CAP/CAP_R[line]/CAP2_R7240_C1_FILIAL,CAP,,numeric,textfield,,,0,0,0,0,0,0,0,962,0,,,,table number,0,0,15,0,,0,,,
Rind. 7240.col. 2,dec/DataSet/Data/CAP/CAP_R[line]/CAP2_R7240_C2_FILIAL,CAP,,numeric,textfield,,,0,0,0,0,0,0,0,963,0,,,,table number,0,0,15,0,,0,,,
Rind. 7240.col. 3,dec/DataSet/Data/CAP/CAP_R[line]/CAP2_R7240_C3_FILIAL,CAP,,numeric,textfield,,,0,0,0,0,0,0,0,964,0,,,,table number,0,0,15,0,,0,,,
Rind. 7240.col. 4,dec/DataSet/Data/CAP/CAP_R[line]/CAP2_R7240_C4_FILIAL,CAP,,numeric,textfield,,,0,0,0,0,0,0,0,965,0,,,,table number,0,0,15,0,,0,,,
Rind. 7250.col. 1,dec/DataSet/Data/CAP/CAP_R[line]/CAP2_R7250_C1_FILIAL,CAP,,numeric,textfield,,,0,0,0,0,0,0,0,966,0,,,,table number,0,0,15,0,,0,,,
Rind. 7250.col. 2,dec/DataSet/Data/CAP/CAP_R[line]/CAP2_R7250_C2_FILIAL,CAP,,numeric,textfield,,,0,0,0,0,0,0,0,967,0,,,,table number,0,0,15,0,,0,,,
Rind. 7250.col. 3,dec/DataSet/Data/CAP/CAP_R[line]/CAP2_R7250_C3_FILIAL,CAP,,numeric,textfield,,,0,0,0,0,0,0,0,968,0,,,,table number,0,0,15,0,,0,,,
Rind. 7250.col. 4,dec/DataSet/Data/CAP/CAP_R[line]/CAP2_R7250_C4_FILIAL,CAP,,numeric,textfield,,,0,0,0,0,0,0,0,969,0,,,,table number,0,0,15,0,,0,,,
Rind. 7260.col. 1,dec/DataSet/Data/CAP/CAP_R[line]/CAP2_R7260_C1_FILIAL,CAP,,numeric,textfield,,,0,0,0,0,0,0,0,966,0,,,,table number,0,0,15,0,,0,,,
Rind. 7260.col. 2,dec/DataSet/Data/CAP/CAP_R[line]/CAP2_R7260_C2_FILIAL,CAP,,numeric,textfield,,,0,0,0,0,0,0,0,967,0,,,,table number,0,0,15,0,,0,,,
Rind. 7260.col. 3,dec/DataSet/Data/CAP/CAP_R[line]/CAP2_R7260_C3_FILIAL,CAP,,numeric,textfield,,,0,0,0,0,0,0,0,968,0,,,,table number,0,0,15,0,,0,,,
Rind. 7260.col. 4,dec/DataSet/Data/CAP/CAP_R[line]/CAP2_R7260_C4_FILIAL,CAP,,numeric,textfield,,,0,0,0,0,0,0,0,969,0,,,,table number,0,0,15,0,,0,,,
Rind. 7300.col. 1,dec/DataSet/Data/CAP/CAP_R[line]/CAP2_R7300_C1_FILIAL,CAP,,numeric,textfield,,,0,0,0,0,0,1,0,970,0,,,,table number,0,0,15,0,,0,,,
Rind. 7300.col. 2,dec/DataSet/Data/CAP/CAP_R[line]/CAP2_R7300_C2_FILIAL,CAP,,numeric,textfield,,,0,0,0,0,0,1,0,971,0,,,,table number,0,0,15,0,,0,,,
Rind. 7300.col. 3,dec/DataSet/Data/CAP/CAP_R[line]/CAP2_R7300_C3_FILIAL,CAP,,numeric,textfield,,,0,0,0,0,0,1,0,972,0,,,,table number,0,0,15,0,,0,,,
Rind. 7300.col. 4,dec/DataSet/Data/CAP/CAP_R[line]/CAP2_R7300_C4_FILIAL,CAP,,numeric,textfield,,,0,0,0,0,0,1,0,973,0,,,,table number,0,0,15,0,,0,,,
Rind. 7310.col. 1,dec/DataSet/Data/CAP/CAP_R[line]/CAP2_R7310_C1_FILIAL,CAP,,numeric,textfield,,,0,0,0,0,0,0,0,974,0,,,,table number,0,0,15,0,,0,,,
Rind. 7310.col. 2,dec/DataSet/Data/CAP/CAP_R[line]/CAP2_R7310_C2_FILIAL,CAP,,numeric,textfield,,,0,0,0,0,0,0,0,975,0,,,,table number,0,0,15,0,,0,,,
Rind. 7310.col. 3,dec/DataSet/Data/CAP/CAP_R[line]/CAP2_R7310_C3_FILIAL,CAP,,numeric,textfield,,,0,0,0,0,0,0,0,976,0,,,,table number,0,0,15,0,,0,,,
Rind. 7310.col. 4,dec/DataSet/Data/CAP/CAP_R[line]/CAP2_R7310_C4_FILIAL,CAP,,numeric,textfield,,,0,0,0,0,0,0,0,977,0,,,,table number,0,0,15,0,,0,,,
Rind. 7320.col. 1,dec/DataSet/Data/CAP/CAP_R[line]/CAP2_R7320_C1_FILIAL,CAP,,numeric,textfield,,,0,0,0,0,0,0,0,978,0,,,,table number,0,0,15,0,,0,,,
Rind. 7320.col. 2,dec/DataSet/Data/CAP/CAP_R[line]/CAP2_R7320_C2_FILIAL,CAP,,numeric,textfield,,,0,0,0,0,0,0,0,979,0,,,,table number,0,0,15,0,,0,,,
Rind. 7320.col. 3,dec/DataSet/Data/CAP/CAP_R[line]/CAP2_R7320_C3_FILIAL,CAP,,numeric,textfield,,,0,0,0,0,0,0,0,980,0,,,,table number,0,0,15,0,,0,,,
Rind. 7320.col. 4,dec/DataSet/Data/CAP/CAP_R[line]/CAP2_R7320_C4_FILIAL,CAP,,numeric,textfield,,,0,0,0,0,0,0,0,981,0,,,,table number,0,0,15,0,,0,,,
Rind. 7330.col. 1,dec/DataSet/Data/CAP/CAP_R[line]/CAP2_R7330_C1_FILIAL,CAP,,numeric,textfield,,,0,0,0,0,0,0,0,982,0,,,,table number,0,0,15,0,,0,,,
Rind. 7330.col. 2,dec/DataSet/Data/CAP/CAP_R[line]/CAP2_R7330_C2_FILIAL,CAP,,numeric,textfield,,,0,0,0,0,0,0,0,983,0,,,,table number,0,0,15,0,,0,,,
Rind. 7330.col. 3,dec/DataSet/Data/CAP/CAP_R[line]/CAP2_R7330_C3_FILIAL,CAP,,numeric,textfield,,,0,0,0,0,0,0,0,984,0,,,,table number,0,0,15,0,,0,,,
Rind. 7330.col. 4,dec/DataSet/Data/CAP/CAP_R[line]/CAP2_R7330_C4_FILIAL,CAP,,numeric,textfield,,,0,0,0,0,0,0,0,985,0,,,,table number,0,0,15,0,,0,,,
Rind. 7400.col. 1,dec/DataSet/Data/CAP/CAP_R[line]/CAP2_R7400_C1_FILIAL,CAP,,numeric,textfield,,,0,0,0,0,0,1,0,986,0,,,,table number,0,0,15,0,,0,,,
Rind. 7400.col. 2,dec/DataSet/Data/CAP/CAP_R[line]/CAP2_R7400_C2_FILIAL,CAP,,numeric,textfield,,,0,0,0,0,0,1,0,987,0,,,,table number,0,0,15,0,,0,,,
Rind. 7400.col. 3,dec/DataSet/Data/CAP/CAP_R[line]/CAP2_R7400_C3_FILIAL,CAP,,numeric,textfield,,,0,0,0,0,0,1,0,988,0,,,,table number,0,0,15,0,,0,,,
Rind. 7400.col. 4,dec/DataSet/Data/CAP/CAP_R[line]/CAP2_R7400_C4_FILIAL,CAP,,numeric,textfield,,,0,0,0,0,0,1,0,989,0,,,,table number,0,0,15,0,,0,,,
Rind. 7410.col. 1,dec/DataSet/Data/CAP/CAP_R[line]/CAP2_R7410_C1_FILIAL,CAP,,numeric,textfield,,,0,0,0,0,0,0,0,990,0,,,,table number,0,0,15,0,,0,,,
Rind. 7410.col. 2,dec/DataSet/Data/CAP/CAP_R[line]/CAP2_R7410_C2_FILIAL,CAP,,numeric,textfield,,,0,0,0,0,0,0,0,991,0,,,,table number,0,0,15,0,,0,,,
Rind. 7410.col. 3,dec/DataSet/Data/CAP/CAP_R[line]/CAP2_R7410_C3_FILIAL,CAP,,numeric,textfield,,,0,0,0,0,0,0,0,992,0,,,,table number,0,0,15,0,,0,,,
Rind. 7410.col. 4,dec/DataSet/Data/CAP/CAP_R[line]/CAP2_R7410_C4_FILIAL,CAP,,numeric,textfield,,,0,0,0,0,0,0,0,993,0,,,,table number,0,0,15,0,,0,,,
Rind. 7420.col. 1,dec/DataSet/Data/CAP/CAP_R[line]/CAP2_R7420_C1_FILIAL,CAP,,numeric,textfield,,,0,0,0,0,0,0,0,994,0,,,,table number,0,0,15,0,,0,,,
Rind. 7420.col. 2,dec/DataSet/Data/CAP/CAP_R[line]/CAP2_R7420_C2_FILIAL,CAP,,numeric,textfield,,,0,0,0,0,0,0,0,995,0,,,,table number,0,0,15,0,,0,,,
Rind. 7420.col. 3,dec/DataSet/Data/CAP/CAP_R[line]/CAP2_R7420_C3_FILIAL,CAP,,numeric,textfield,,,0,0,0,0,0,0,0,996,0,,,,table number,0,0,15,0,,0,,,
Rind. 7420.col. 4,dec/DataSet/Data/CAP/CAP_R[line]/CAP2_R7420_C4_FILIAL,CAP,,numeric,textfield,,,0,0,0,0,0,0,0,997,0,,,,table number,0,0,15,0,,0,,,
Rind. 7430.col. 1,dec/DataSet/Data/CAP/CAP_R[line]/CAP2_R7430_C1_FILIAL,CAP,,numeric,textfield,,,0,0,0,0,0,0,0,998,0,,,,table number,0,0,15,0,,0,,,
Rind. 7430.col. 2,dec/DataSet/Data/CAP/CAP_R[line]/CAP2_R7430_C2_FILIAL,CAP,,numeric,textfield,,,0,0,0,0,0,0,0,999,0,,,,table number,0,0,15,0,,0,,,
Rind. 7430.col. 3,dec/DataSet/Data/CAP/CAP_R[line]/CAP2_R7430_C3_FILIAL,CAP,,numeric,textfield,,,0,0,0,0,0,0,0,1000,0,,,,table number,0,0,15,0,,0,,,
Rind. 7430.col. 4,dec/DataSet/Data/CAP/CAP_R[line]/CAP2_R7430_C4_FILIAL,CAP,,numeric,textfield,,,0,0,0,0,0,0,0,1001,0,,,,table number,0,0,15,0,,0,,,
Rind. 7440.col. 1,dec/DataSet/Data/CAP/CAP_R[line]/CAP2_R7440_C1_FILIAL,CAP,,numeric,textfield,,,0,0,0,0,0,0,0,1002,0,,,,table number,0,0,15,0,,0,,,
Rind. 7440.col. 2,dec/DataSet/Data/CAP/CAP_R[line]/CAP2_R7440_C2_FILIAL,CAP,,numeric,textfield,,,0,0,0,0,0,0,0,1003,0,,,,table number,0,0,15,0,,0,,,
Rind. 7440.col. 3,dec/DataSet/Data/CAP/CAP_R[line]/CAP2_R7440_C3_FILIAL,CAP,,numeric,textfield,,,0,0,0,0,0,0,0,1004,0,,,,table number,0,0,15,0,,0,,,
Rind. 7440.col. 4,dec/DataSet/Data/CAP/CAP_R[line]/CAP2_R7440_C4_FILIAL,CAP,,numeric,textfield,,,0,0,0,0,0,0,0,1005,0,,,,table number,0,0,15,0,,0,,,
Rind. 7450.col. 1,dec/DataSet/Data/CAP/CAP_R[line]/CAP2_R7450_C1_FILIAL,CAP,,numeric,textfield,,,0,0,0,0,0,0,0,1006,0,,,,table number,0,0,15,0,,0,,,
Rind. 7450.col. 2,dec/DataSet/Data/CAP/CAP_R[line]/CAP2_R7450_C2_FILIAL,CAP,,numeric,textfield,,,0,0,0,0,0,0,0,1007,0,,,,table number,0,0,15,0,,0,,,
Rind. 7450.col. 3,dec/DataSet/Data/CAP/CAP_R[line]/CAP2_R7450_C3_FILIAL,CAP,,numeric,textfield,,,0,0,0,0,0,0,0,1008,0,,,,table number,0,0,15,0,,0,,,
Rind. 7450.col. 4,dec/DataSet/Data/CAP/CAP_R[line]/CAP2_R7450_C4_FILIAL,CAP,,numeric,textfield,,,0,0,0,0,0,0,0,1009,0,,,,table number,0,0,15,0,,0,,,
Rind. 7460.col. 1,dec/DataSet/Data/CAP/CAP_R[line]/CAP2_R7460_C1_FILIAL,CAP,,numeric,textfield,,,0,0,0,0,0,0,0,1010,0,,,,table number,0,0,15,0,,0,,,
Rind. 7460.col. 2,dec/DataSet/Data/CAP/CAP_R[line]/CAP2_R7460_C2_FILIAL,CAP,,numeric,textfield,,,0,0,0,0,0,0,0,1011,0,,,,table number,0,0,15,0,,0,,,
Rind. 7460.col. 3,dec/DataSet/Data/CAP/CAP_R[line]/CAP2_R7460_C3_FILIAL,CAP,,numeric,textfield,,,0,0,0,0,0,0,0,1012,0,,,,table number,0,0,15,0,,0,,,
Rind. 7460.col. 4,dec/DataSet/Data/CAP/CAP_R[line]/CAP2_R7460_C4_FILIAL,CAP,,numeric,textfield,,,0,0,0,0,0,0,0,1013,0,,,,table number,0,0,15,0,,0,,,
Rind. 7470.col. 1,dec/DataSet/Data/CAP/CAP_R[line]/CAP2_R7470_C1_FILIAL,CAP,,numeric,textfield,,,0,0,0,0,0,0,0,1014,0,,,,table number,0,0,15,0,,0,,,
Rind. 7470.col. 2,dec/DataSet/Data/CAP/CAP_R[line]/CAP2_R7470_C2_FILIAL,CAP,,numeric,textfield,,,0,0,0,0,0,0,0,1015,0,,,,table number,0,0,15,0,,0,,,
Rind. 7470.col. 3,dec/DataSet/Data/CAP/CAP_R[line]/CAP2_R7470_C3_FILIAL,CAP,,numeric,textfield,,,0,0,0,0,0,0,0,1016,0,,,,table number,0,0,15,0,,0,,,
Rind. 7470.col. 4,dec/DataSet/Data/CAP/CAP_R[line]/CAP2_R7470_C4_FILIAL,CAP,,numeric,textfield,,,0,0,0,0,0,0,0,1017,0,,,,table number,0,0,15,0,,0,,,
Rind. 7480.col. 1,dec/DataSet/Data/CAP/CAP_R[line]/CAP2_R7480_C1_FILIAL,CAP,,numeric,textfield,,,0,0,0,0,0,0,0,1018,0,,,,table number,0,0,15,0,,0,,,
Rind. 7480.col. 2,dec/DataSet/Data/CAP/CAP_R[line]/CAP2_R7480_C2_FILIAL,CAP,,numeric,textfield,,,0,0,0,0,0,0,0,1019,0,,,,table number,0,0,15,0,,0,,,
Rind. 7480.col. 3,dec/DataSet/Data/CAP/CAP_R[line]/CAP2_R7480_C3_FILIAL,CAP,,numeric,textfield,,,0,0,0,0,0,0,0,1020,0,,,,table number,0,0,15,0,,0,,,
Rind. 7480.col. 4,dec/DataSet/Data/CAP/CAP_R[line]/CAP2_R7480_C4_FILIAL,CAP,,numeric,textfield,,,0,0,0,0,0,0,0,1021,0,,,,table number,0,0,15,0,,0,,,
Rind. 7490.col. 1,dec/DataSet/Data/CAP/CAP_R[line]/CAP2_R7490_C1_FILIAL,CAP,,numeric,textfield,,,0,0,0,0,0,0,0,1022,0,,,,table number,0,0,15,0,,0,,,
Rind. 7490.col. 2,dec/DataSet/Data/CAP/CAP_R[line]/CAP2_R7490_C2_FILIAL,CAP,,numeric,textfield,,,0,0,0,0,0,0,0,1023,0,,,,table number,0,0,15,0,,0,,,
Rind. 7490.col. 3,dec/DataSet/Data/CAP/CAP_R[line]/CAP2_R7490_C3_FILIAL,CAP,,numeric,textfield,,,0,0,0,0,0,0,0,1024,0,,,,table number,0,0,15,0,,0,,,
Rind. 7490.col. 4,dec/DataSet/Data/CAP/CAP_R[line]/CAP2_R7490_C4_FILIAL,CAP,,numeric,textfield,,,0,0,0,0,0,0,0,1025,0,,,,table number,0,0,15,0,,0,,,
Rind. 7500.col. 1,dec/DataSet/Data/CAP/CAP_R[line]/CAP2_R7500_C1_FILIAL,CAP,,numeric,textfield,,,0,0,0,0,0,1,0,1026,0,,,,table number,0,0,15,0,,0,,,
Rind. 7500.col. 2,dec/DataSet/Data/CAP/CAP_R[line]/CAP2_R7500_C2_FILIAL,CAP,,numeric,textfield,,,0,0,0,0,0,1,0,1027,0,,,,table number,0,0,15,0,,0,,,
Rind. 7500.col. 3,dec/DataSet/Data/CAP/CAP_R[line]/CAP2_R7500_C3_FILIAL,CAP,,numeric,textfield,,,0,0,0,0,0,1,0,1028,0,,,,table number,0,0,15,0,,0,,,
Rind. 7500.col. 4,dec/DataSet/Data/CAP/CAP_R[line]/CAP2_R7500_C4_FILIAL,CAP,,numeric,textfield,,,0,0,0,0,0,1,0,1029,0,,,,table number,0,0,15,0,,0,,,
Rind. 7510.col. 1,dec/DataSet/Data/CAP/CAP_R[line]/CAP2_R7510_C1_FILIAL,CAP,,numeric,textfield,,,0,0,0,0,0,0,0,1030,0,,,,table number,0,0,15,0,,0,,,
Rind. 7510.col. 2,dec/DataSet/Data/CAP/CAP_R[line]/CAP2_R7510_C2_FILIAL,CAP,,numeric,textfield,,,0,0,0,0,0,0,0,1031,0,,,,table number,0,0,15,0,,0,,,
Rind. 7510.col. 3,dec/DataSet/Data/CAP/CAP_R[line]/CAP2_R7510_C3_FILIAL,CAP,,numeric,textfield,,,0,0,0,0,0,0,0,1032,0,,,,table number,0,0,15,0,,0,,,
Rind. 7510.col. 4,dec/DataSet/Data/CAP/CAP_R[line]/CAP2_R7510_C4_FILIAL,CAP,,numeric,textfield,,,0,0,0,0,0,0,0,1033,0,,,,table number,0,0,15,0,,0,,,
Rind. 7520.col. 1,dec/DataSet/Data/CAP/CAP_R[line]/CAP2_R7520_C1_FILIAL,CAP,,numeric,textfield,,,0,0,0,0,0,0,0,1034,0,,,,table number,0,0,15,0,,0,,,
Rind. 7520.col. 2,dec/DataSet/Data/CAP/CAP_R[line]/CAP2_R7520_C2_FILIAL,CAP,,numeric,textfield,,,0,0,0,0,0,0,0,1035,0,,,,table number,0,0,15,0,,0,,,
Rind. 7520.col. 3,dec/DataSet/Data/CAP/CAP_R[line]/CAP2_R7520_C3_FILIAL,CAP,,numeric,textfield,,,0,0,0,0,0,0,0,1036,0,,,,table number,0,0,15,0,,0,,,
Rind. 7520.col. 4,dec/DataSet/Data/CAP/CAP_R[line]/CAP2_R7520_C4_FILIAL,CAP,,numeric,textfield,,,0,0,0,0,0,0,0,1037,0,,,,table number,0,0,15,0,,0,,,
Rînd. 1101 col.1,dec/DataSet/Data/CAP1_R1101_C1,,,numeric,textfield,,,0,0,0,0,0,0,0,16,0,,,,table number,0,0,15,0,,0,,,
Rînd. 1102 col.1,dec/DataSet/Data/CAP1_R1102_C1,,,numeric,textfield,,,0,0,0,0,0,0,0,17,0,,,,table number,0,0,15,0,,0,,,
Rînd. 1103 col.1,dec/DataSet/Data/CAP1_R1103_C1,,,numeric,textfield,,,0,0,0,0,0,0,0,18,0,,,,table number,0,0,15,0,,0,,,
Rînd. 1103 col.2,dec/DataSet/Data/CAP1_R1103_C2,,,numeric,textfield,,,0,0,0,0,0,0,0,19,0,,,,table number,0,0,15,0,,0,,,
Rînd. 1103 col.3,dec/DataSet/Data/CAP1_R1103_C3,,,numeric,textfield,,,0,0,0,0,0,0,0,20,0,,,,table number,0,0,15,0,,0,,,
Rînd. 1103 col.4,dec/DataSet/Data/CAP1_R1103_C4,,,numeric,textfield,,,0,0,0,0,0,0,0,21,0,,,,table number,0,0,15,0,,0,,,
Rînd. 1103 col.5,dec/DataSet/Data/CAP1_R1103_C5,,,numeric,textfield,,,0,0,0,0,0,0,0,22,0,,,,table number,0,0,15,0,,0,,,
Rînd. 1104 col.1,dec/DataSet/Data/CAP1_R1104_C1,,,numeric,textfield,,,0,0,0,0,0,0,0,23,0,,,,table number,0,0,15,0,,0,,,
Rînd. 1104 col.2,dec/DataSet/Data/CAP1_R1104_C2,,,numeric,textfield,,,0,0,0,0,0,0,0,24,0,,,,table number,0,0,15,0,,0,,,
Rînd. 1104 col.3,dec/DataSet/Data/CAP1_R1104_C3,,,numeric,textfield,,,0,0,0,0,0,0,0,25,0,,,,table number,0,0,15,0,,0,,,
Rînd. 1104 col.4,dec/DataSet/Data/CAP1_R1104_C4,,,numeric,textfield,,,0,0,0,0,0,0,0,26,0,,,,table number,0,0,15,0,,0,,,
Rînd. 1104 col.5,dec/DataSet/Data/CAP1_R1104_C5,,,numeric,textfield,,,0,0,0,0,0,0,0,27,0,,,,table number,0,0,15,0,,0,,,
Rînd. 1105 col.1,dec/DataSet/Data/CAP1_R1105_C1,,,numeric,textfield,,,0,0,0,0,0,0,0,28,0,,,,table number,0,0,15,0,,0,,,
Rînd. 1105 col.2,dec/DataSet/Data/CAP1_R1105_C2,,,numeric,textfield,,,0,0,0,0,0,0,0,29,0,,,,table number,0,0,15,0,,0,,,
Rînd. 1105 col.3,dec/DataSet/Data/CAP1_R1105_C3,,,numeric,textfield,,,0,0,0,0,0,0,0,30,0,,,,table number,0,0,15,0,,0,,,
Rînd. 1105 col.4,dec/DataSet/Data/CAP1_R1105_C4,,,numeric,textfield,,,0,0,0,0,0,0,0,31,0,,,,table number,0,0,15,0,,0,,,
Rînd. 1105 col.5,dec/DataSet/Data/CAP1_R1105_C5,,,numeric,textfield,,,0,0,0,0,0,0,0,32,0,,,,table number,0,0,15,0,,0,,,
Rînd. 1106 col.1,dec/DataSet/Data/CAP1_R1106_C1,,,numeric,textfield,,,0,0,0,0,0,0,0,33,0,,,,table number,0,0,15,0,,0,,,
Rînd. 1106 col.2,dec/DataSet/Data/CAP1_R1106_C2,,,numeric,textfield,,,0,0,0,0,0,0,0,34,0,,,,table number,0,0,15,0,,0,,,
Rînd. 1106 col.3,dec/DataSet/Data/CAP1_R1106_C3,,,numeric,textfield,,,0,0,0,0,0,0,0,35,0,,,,table number,0,0,15,0,,0,,,
Rînd. 1106 col.4,dec/DataSet/Data/CAP1_R1106_C4,,,numeric,textfield,,,0,0,0,0,0,0,0,36,0,,,,table number,0,0,15,0,,0,,,
Rînd. 1106 col.5,dec/DataSet/Data/CAP1_R1106_C5,,,numeric,textfield,,,0,0,0,0,0,0,0,37,0,,,,table number,0,0,15,0,,0,,,
Rînd. 1107 col.1,dec/DataSet/Data/CAP1_R1107_C1,,,numeric,textfield,,,0,0,0,0,0,0,0,38,0,,,,table number,0,0,15,0,,0,,,
Rînd. 1107 col.2,dec/DataSet/Data/CAP1_R1107_C2,,,numeric,textfield,,,0,0,0,0,0,0,0,39,0,,,,table number,0,0,15,0,,0,,,
Rînd. 1107 col.3,dec/DataSet/Data/CAP1_R1107_C3,,,numeric,textfield,,,0,0,0,0,0,0,0,40,0,,,,table number,0,0,15,0,,0,,,
Rînd. 1107 col.4,dec/DataSet/Data/CAP1_R1107_C4,,,numeric,textfield,,,0,0,0,0,0,0,0,41,0,,,,table number,0,0,15,0,,0,,,
Rînd. 1107 col.5,dec/DataSet/Data/CAP1_R1107_C5,,,numeric,textfield,,,0,0,0,0,0,0,0,42,0,,,,table number,0,0,15,0,,0,,,
Rînd. 1112 col.1,dec/DataSet/Data/CAP1_R1112_C1,,,numeric,textfield,,,0,0,0,0,0,0,0,48,0,,,,table number,0,0,15,0,,0,,,
Rînd. 1112 col.2,dec/DataSet/Data/CAP1_R1112_C2,,,numeric,textfield,,,0,0,0,0,0,0,0,49,0,,,,table number,0,0,15,0,,0,,,
Rînd. 1112 col.3,dec/DataSet/Data/CAP1_R1112_C3,,,numeric,textfield,,,0,0,0,0,0,0,0,50,0,,,,table number,0,0,15,0,,0,,,
Rînd. 1112 col.4,dec/DataSet/Data/CAP1_R1112_C4,,,numeric,textfield,,,0,0,0,0,0,0,0,51,0,,,,table number,0,0,15,0,,0,,,
Rînd. 1112 col.5,dec/DataSet/Data/CAP1_R1112_C5,,,numeric,textfield,,,0,0,0,0,0,0,0,52,0,,,,table number,0,0,15,0,,0,,,
Rînd. 1113 col.1,dec/DataSet/Data/CAP1_R1113_C1,,,numeric,textfield,,,0,0,0,0,0,0,0,53,0,,,,table number,0,0,15,0,,0,,,
Rînd. 1113 col.2,dec/DataSet/Data/CAP1_R1113_C2,,,numeric,textfield,,,0,0,0,0,0,0,0,54,0,,,,table number,0,0,15,0,,0,,,
Rînd. 1113 col.3,dec/DataSet/Data/CAP1_R1113_C3,,,numeric,textfield,,,0,0,0,0,0,0,0,55,0,,,,table number,0,0,15,0,,0,,,
Rînd. 1113 col.4,dec/DataSet/Data/CAP1_R1113_C4,,,numeric,textfield,,,0,0,0,0,0,0,0,56,0,,,,table number,0,0,15,0,,0,,,
Rînd. 1113 col.5,dec/DataSet/Data/CAP1_R1113_C5,,,numeric,textfield,,,0,0,0,0,0,0,0,57,0,,,,table number,0,0,15,0,,0,,,
Rînd. 1115 col.1,dec/DataSet/Data/CAP1_R1115_C1,,,numeric,textfield,,,0,0,0,0,0,0,0,58,0,,,,table number,0,0,15,0,,0,,,
Rînd. 1115 col.2,dec/DataSet/Data/CAP1_R1115_C2,,,numeric,textfield,,,0,0,0,0,0,0,0,59,0,,,,table number,0,0,15,0,,0,,,
Rînd. 1115 col.3,dec/DataSet/Data/CAP1_R1115_C3,,,numeric,textfield,,,0,0,0,0,0,0,0,60,0,,,,table number,0,0,15,0,,0,,,
Rînd. 1115 col.4,dec/DataSet/Data/CAP1_R1115_C4,,,numeric,textfield,,,0,0,0,0,0,0,0,61,0,,,,table number,0,0,15,0,,0,,,
Rînd. 1115 col.5,dec/DataSet/Data/CAP1_R1115_C5,,,numeric,textfield,,,0,0,0,0,0,0,0,62,0,,,,table number,0,0,15,0,,0,,,
Rînd. 1116 col.1,dec/DataSet/Data/CAP1_R1116_C1,,,numeric,textfield,,,0,0,0,0,0,0,0,63,0,,,,table number,0,0,15,0,,0,,,
Rînd. 1116 col.2,dec/DataSet/Data/CAP1_R1116_C2,,,numeric,textfield,,,0,0,0,0,0,0,0,64,0,,,,table number,0,0,15,0,,0,,,
Rînd. 1116 col.3,dec/DataSet/Data/CAP1_R1116_C3,,,numeric,textfield,,,0,0,0,0,0,0,0,65,0,,,,table number,0,0,15,0,,0,,,
Rînd. 1116 col.5,dec/DataSet/Data/CAP1_R1116_C5,,,numeric,textfield,,,0,0,0,0,0,0,0,66,0,,,,table number,0,0,15,0,,0,,,
Rînd. 1117 col.1,dec/DataSet/Data/CAP1_R1117_C1,,,numeric,textfield,,,0,0,0,0,0,0,0,67,0,,,,table number,0,0,15,0,,0,,,
Rînd. 1117 col.2,dec/DataSet/Data/CAP1_R1117_C2,,,numeric,textfield,,,0,0,0,0,0,0,0,68,0,,,,table number,0,0,15,0,,0,,,
Rînd. 1117 col.3,dec/DataSet/Data/CAP1_R1117_C3,,,numeric,textfield,,,0,0,0,0,0,0,0,69,0,,,,table number,0,0,15,0,,0,,,
Rînd. 1117 col.4,dec/DataSet/Data/CAP1_R1117_C4,,,numeric,textfield,,,0,0,0,0,0,0,0,70,0,,,,table number,0,0,15,0,,0,,,
Rînd. 1117 col.5,dec/DataSet/Data/CAP1_R1117_C5,,,numeric,textfield,,,0,0,0,0,0,0,0,71,0,,,,table number,0,0,15,0,,0,,,
Rînd. 1119 col.1,dec/DataSet/Data/CAP1_R1119_C1,,,numeric,textfield,,,0,0,0,0,0,0,0,72,0,,,,table number,0,0,15,0,,0,,,
Rînd. 1119 col.2,dec/DataSet/Data/CAP1_R1119_C2,,,numeric,textfield,,,0,0,0,0,0,0,0,73,0,,,,table number,0,0,15,0,,0,,,
Rînd. 1119 col.3,dec/DataSet/Data/CAP1_R1119_C3,,,numeric,textfield,,,0,0,0,0,0,0,0,74,0,,,,table number,0,0,15,0,,0,,,
Rînd. 1119 col.4,dec/DataSet/Data/CAP1_R1119_C4,,,numeric,textfield,,,0,0,0,0,0,0,0,75,0,,,,table number,0,0,15,0,,0,,,
Rînd. 1121 col.1,dec/DataSet/Data/CAP1_R1121_C1,,,numeric,textfield,,,0,0,0,0,0,0,0,81,0,,,,table number,0,0,15,0,,0,,,
Rînd. 1121 col.2,dec/DataSet/Data/CAP1_R1121_C2,,,numeric,textfield,,,0,0,0,0,0,0,0,82,0,,,,table number,0,0,15,0,,0,,,
Rînd. 1121 col.3,dec/DataSet/Data/CAP1_R1121_C3,,,numeric,textfield,,,0,0,0,0,0,0,0,83,0,,,,table number,0,0,15,0,,0,,,
Rînd. 1121 col.4,dec/DataSet/Data/CAP1_R1121_C4,,,numeric,textfield,,,0,0,0,0,0,0,0,84,0,,,,table number,0,0,15,0,,0,,,
Rînd. 1121 col.5,dec/DataSet/Data/CAP1_R1121_C5,,,numeric,textfield,,,0,0,0,0,0,0,0,85,0,,,,table number,0,0,15,0,,0,,,
Rînd. 1123 col.1,dec/DataSet/Data/CAP1_R1123_C1,,,numeric,textfield,,,0,0,0,0,0,0,0,86,0,,,,table number,0,0,15,0,,0,,,
Rînd. 1123 col.2,dec/DataSet/Data/CAP1_R1123_C2,,,numeric,textfield,,,0,0,0,0,0,0,0,87,0,,,,table number,0,0,15,0,,0,,,
Rînd. 1123 col.3,dec/DataSet/Data/CAP1_R1123_C3,,,numeric,textfield,,,0,0,0,0,0,0,0,88,0,,,,table number,0,0,15,0,,0,,,
Rînd. 1123 col.4,dec/DataSet/Data/CAP1_R1123_C4,,,numeric,textfield,,,0,0,0,0,0,0,0,89,0,,,,table number,0,0,15,0,,0,,,
Rînd. 1123 col.5,dec/DataSet/Data/CAP1_R1123_C5,,,numeric,textfield,,,0,0,0,0,0,0,0,90,0,,,,table number,0,0,15,0,,0,,,
Rînd. 1124 col.1,dec/DataSet/Data/CAP1_R1124_C1,,,numeric,textfield,,,0,0,0,0,0,0,0,91,0,,,,table number,0,0,15,0,,0,,,
Rînd. 1124 col.2,dec/DataSet/Data/CAP1_R1124_C2,,,numeric,textfield,,,0,0,0,0,0,0,0,92,0,,,,table number,0,0,15,0,,0,,,
Rînd. 1124 col.3,dec/DataSet/Data/CAP1_R1124_C3,,,numeric,textfield,,,0,0,0,0,0,0,0,93,0,,,,table number,0,0,15,0,,0,,,
Rînd. 1124 col.4,dec/DataSet/Data/CAP1_R1124_C4,,,numeric,textfield,,,0,0,0,0,0,0,0,94,0,,,,table number,0,0,15,0,,0,,,
Rînd. 1124 col.5,dec/DataSet/Data/CAP1_R1124_C5,,,numeric,textfield,,,0,0,0,0,0,0,0,95,0,,,,table number,0,0,15,0,,0,,,
Rînd. 1125 col.1,dec/DataSet/Data/CAP1_R1125_C1,,,numeric,textfield,,,0,0,0,0,0,0,0,96,0,,,,table number,0,0,15,0,,0,,,
Rînd. 1125 col.2,dec/DataSet/Data/CAP1_R1125_C2,,,numeric,textfield,,,0,0,0,0,0,0,0,97,0,,,,table number,0,0,15,0,,0,,,
Rînd. 1125 col.3,dec/DataSet/Data/CAP1_R1125_C3,,,numeric,textfield,,,0,0,0,0,0,0,0,98,0,,,,table number,0,0,15,0,,0,,,
Rînd. 1125 col.4,dec/DataSet/Data/CAP1_R1125_C4,,,numeric,textfield,,,0,0,0,0,0,0,0,99,0,,,,table number,0,0,15,0,,0,,,
Rînd. 1125 col.5,dec/DataSet/Data/CAP1_R1125_C5,,,numeric,textfield,,,0,0,0,0,0,0,0,100,0,,,,table number,0,0,15,0,,0,,,
Rînd. 1126 col.1,dec/DataSet/Data/CAP1_R1126_C1,,,numeric,textfield,,,0,0,0,0,0,0,0,101,0,,,,table number,0,0,15,0,,0,,,
Rînd. 1126 col.2,dec/DataSet/Data/CAP1_R1126_C2,,,numeric,textfield,,,0,0,0,0,0,0,0,102,0,,,,table number,0,0,15,0,,0,,,
Rînd. 1126 col.3,dec/DataSet/Data/CAP1_R1126_C3,,,numeric,textfield,,,0,0,0,0,0,0,0,103,0,,,,table number,0,0,15,0,,0,,,
Rînd. 1126 col.4,dec/DataSet/Data/CAP1_R1126_C4,,,numeric,textfield,,,0,0,0,0,0,0,0,104,0,,,,table number,0,0,15,0,,0,,,
Rînd. 1126 col.5,dec/DataSet/Data/CAP1_R1126_C5,,,numeric,textfield,,,0,0,0,0,0,0,0,105,0,,,,table number,0,0,15,0,,0,,,
Rînd. 1127 col.1,dec/DataSet/Data/CAP1_R1127_C1,,,numeric,textfield,,,0,0,0,0,0,0,0,106,0,,,,table number,0,0,15,0,,0,,,
Rînd. 1127 col.2,dec/DataSet/Data/CAP1_R1127_C2,,,numeric,textfield,,,0,0,0,0,0,0,0,107,0,,,,table number,0,0,15,0,,0,,,
Rînd. 1127 col.3,dec/DataSet/Data/CAP1_R1127_C3,,,numeric,textfield,,,0,0,0,0,0,0,0,108,0,,,,table number,0,0,15,0,,0,,,
Rînd. 1127 col.4,dec/DataSet/Data/CAP1_R1127_C4,,,numeric,textfield,,,0,0,0,0,0,0,0,109,0,,,,table number,0,0,15,0,,0,,,
Rînd. 1127 col.5,dec/DataSet/Data/CAP1_R1127_C5,,,numeric,textfield,,,0,0,0,0,0,0,0,110,0,,,,table number,0,0,15,0,,0,,,
Rînd. 1133 col.1,dec/DataSet/Data/CAP1_R1133_C1,,,numeric,textfield,,,0,0,0,0,0,0,0,111,0,,,,table number,0,0,15,0,,0,,,
Rînd. 1133 col.2,dec/DataSet/Data/CAP1_R1133_C2,,,numeric,textfield,,,0,0,0,0,0,0,0,112,0,,,,table number,0,0,15,0,,0,,,
Rînd. 1133 col.3,dec/DataSet/Data/CAP1_R1133_C3,,,numeric,textfield,,,0,0,0,0,0,0,0,113,0,,,,table number,0,0,15,0,,0,,,
Rînd. 1133 col.4,dec/DataSet/Data/CAP1_R1133_C4,,,numeric,textfield,,,0,0,0,0,0,0,0,114,0,,,,table number,0,0,15,0,,0,,,
Rînd. 1133 col.5,dec/DataSet/Data/CAP1_R1133_C5,,,numeric,textfield,,,0,0,0,0,0,0,0,115,0,,,,table number,0,0,15,0,,0,,,
Rînd. 1134 col.1,dec/DataSet/Data/CAP1_R1134_C1,,,numeric,textfield,,,0,0,0,0,0,0,0,116,0,,,,table number,0,0,15,0,,0,,,
Rînd. 1134 col.2,dec/DataSet/Data/CAP1_R1134_C2,,,numeric,textfield,,,0,0,0,0,0,0,0,117,0,,,,table number,0,0,15,0,,0,,,
Rînd. 1134 col.3,dec/DataSet/Data/CAP1_R1134_C3,,,numeric,textfield,,,0,0,0,0,0,0,0,118,0,,,,table number,0,0,15,0,,0,,,
Rînd. 1134 col.4,dec/DataSet/Data/CAP1_R1134_C4,,,numeric,textfield,,,0,0,0,0,0,0,0,119,0,,,,table number,0,0,15,0,,0,,,
Rînd. 1134 col.5,dec/DataSet/Data/CAP1_R1134_C5,,,numeric,textfield,,,0,0,0,0,0,0,0,120,0,,,,table number,0,0,15,0,,0,,,
Rînd. 1135 col.1,dec/DataSet/Data/CAP1_R1135_C1,,,numeric,textfield,,,0,0,0,0,0,0,0,121,0,,,,table number,0,0,15,0,,0,,,
Rînd. 1135 col.2,dec/DataSet/Data/CAP1_R1135_C2,,,numeric,textfield,,,0,0,0,0,0,0,0,122,0,,,,table number,0,0,15,0,,0,,,
Rînd. 1135 col.3,dec/DataSet/Data/CAP1_R1135_C3,,,numeric,textfield,,,0,0,0,0,0,0,0,123,0,,,,table number,0,0,15,0,,0,,,
Rînd. 1135 col.4,dec/DataSet/Data/CAP1_R1135_C4,,,numeric,textfield,,,0,0,0,0,0,0,0,124,0,,,,table number,0,0,15,0,,0,,,
Rînd. 1135 col.5,dec/DataSet/Data/CAP1_R1135_C5,,,numeric,textfield,,,0,0,0,0,0,0,0,125,0,,,,table number,0,0,15,0,,0,,,
Rînd. 1136 col.1,dec/DataSet/Data/CAP1_R1136_C1,,,numeric,textfield,,,0,0,0,0,0,0,0,126,0,,,,table number,0,0,15,0,,0,,,
Rînd. 1136 col.2,dec/DataSet/Data/CAP1_R1136_C2,,,numeric,textfield,,,0,0,0,0,0,0,0,127,0,,,,table number,0,0,15,0,,0,,,
Rînd. 1136 col.3,dec/DataSet/Data/CAP1_R1136_C3,,,numeric,textfield,,,0,0,0,0,0,0,0,128,0,,,,table number,0,0,15,0,,0,,,
Rînd. 1136 col.4,dec/DataSet/Data/CAP1_R1136_C4,,,numeric,textfield,,,0,0,0,0,0,0,0,129,0,,,,table number,0,0,15,0,,0,,,
Rînd. 1136 col.5,dec/DataSet/Data/CAP1_R1136_C5,,,numeric,textfield,,,0,0,0,0,0,0,0,130,0,,,,table number,0,0,15,0,,0,,,
Rînd. 1213 col.1,dec/DataSet/Data/CAP1_R1213_C1,,,numeric,textfield,,,0,0,0,0,0,0,0,136,0,,,,table number,0,0,15,0,,0,,,
Rînd. 1213 col.2,dec/DataSet/Data/CAP1_R1213_C2,,,numeric,textfield,,,0,0,0,0,0,0,0,137,0,,,,table number,0,0,15,0,,0,,,
Rînd. 1213 col.3,dec/DataSet/Data/CAP1_R1213_C3,,,numeric,textfield,,,0,0,0,0,0,0,0,138,0,,,,table number,0,0,15,0,,0,,,
Rînd. 1213 col.4,dec/DataSet/Data/CAP1_R1213_C4,,,numeric,textfield,,,0,0,0,0,0,0,0,139,0,,,,table number,0,0,15,0,,0,,,
Rînd. 1213 col.5,dec/DataSet/Data/CAP1_R1213_C5,,,numeric,textfield,,,0,0,0,0,0,0,0,140,0,,,,table number,0,0,15,0,,0,,,
Rînd. 1214 col.1,dec/DataSet/Data/CAP1_R1214_C1,,,numeric,textfield,,,0,0,0,0,0,0,0,141,0,,,,table number,0,0,15,0,,0,,,
Rînd. 1214 col.2,dec/DataSet/Data/CAP1_R1214_C2,,,numeric,textfield,,,0,0,0,0,0,0,0,142,0,,,,table number,0,0,15,0,,0,,,
Rînd. 1214 col.3,dec/DataSet/Data/CAP1_R1214_C3,,,numeric,textfield,,,0,0,0,0,0,0,0,143,0,,,,table number,0,0,15,0,,0,,,
Rînd. 1215 col.1,dec/DataSet/Data/CAP1_R1215_C1,,,numeric,textfield,,,0,0,0,0,0,0,0,144,0,,,,table number,0,0,15,0,,0,,,
Rînd. 1215 col.2,dec/DataSet/Data/CAP1_R1215_C2,,,numeric,textfield,,,0,0,0,0,0,0,0,145,0,,,,table number,0,0,15,0,,0,,,
Rînd. 1215 col.3,dec/DataSet/Data/CAP1_R1215_C3,,,numeric,textfield,,,0,0,0,0,0,0,0,146,0,,,,table number,0,0,15,0,,0,,,
Rînd. 1216 col.1,dec/DataSet/Data/CAP1_R1216_C1,,,numeric,textfield,,,0,0,0,0,0,0,0,147,0,,,,table number,0,0,15,0,,0,,,
Rînd. 1216 col.2,dec/DataSet/Data/CAP1_R1216_C2,,,numeric,textfield,,,0,0,0,0,0,0,0,148,0,,,,table number,0,0,15,0,,0,,,
Rînd. 1216 col.3,dec/DataSet/Data/CAP1_R1216_C3,,,numeric,textfield,,,0,0,0,0,0,0,0,149,0,,,,table number,0,0,15,0,,0,,,
Rînd. 1216 col.4,dec/DataSet/Data/CAP1_R1216_C4,,,numeric,textfield,,,0,0,0,0,0,0,0,150,0,,,,table number,0,0,15,0,,0,,,
Rînd. 1218 col.1,dec/DataSet/Data/CAP1_R1218_C1,,,numeric,textfield,,,0,0,0,0,0,0,0,151,0,,,,table number,0,0,15,0,,0,,,
Rînd. 1218 col.2,dec/DataSet/Data/CAP1_R1218_C2,,,numeric,textfield,,,0,0,0,0,0,0,0,152,0,,,,table number,0,0,15,0,,0,,,
Rînd. 1218 col.3,dec/DataSet/Data/CAP1_R1218_C3,,,numeric,textfield,,,0,0,0,0,0,0,0,153,0,,,,table number,0,0,15,0,,0,,,
Rînd. 1218 col.4,dec/DataSet/Data/CAP1_R1218_C4,,,numeric,textfield,,,0,0,0,0,0,0,0,154,0,,,,table number,0,0,15,0,,0,,,
Rînd. 1218 col.5,dec/DataSet/Data/CAP1_R1218_C5,,,numeric,textfield,,,0,0,0,0,0,0,0,155,0,,,,table number,0,0,15,0,,0,,,
Rînd. 1219 col.1,dec/DataSet/Data/CAP1_R1219_C1,,,numeric,textfield,,,0,0,0,0,0,0,0,156,0,,,,table number,0,0,15,0,,0,,,
Rînd. 1219 col.2,dec/DataSet/Data/CAP1_R1219_C2,,,numeric,textfield,,,0,0,0,0,0,0,0,157,0,,,,table number,0,0,15,0,,0,,,
Rînd. 1219 col.3,dec/DataSet/Data/CAP1_R1219_C3,,,numeric,textfield,,,0,0,0,0,0,0,0,158,0,,,,table number,0,0,15,0,,0,,,
Rînd. 1219 col.4,dec/DataSet/Data/CAP1_R1219_C4,,,numeric,textfield,,,0,0,0,0,0,0,0,159,0,,,,table number,0,0,15,0,,0,,,
Rînd. 1221 col.1,dec/DataSet/Data/CAP1_R1221_C1,,,numeric,textfield,,,0,0,0,0,0,0,0,160,0,,,,table number,0,0,15,0,,0,,,
Rînd. 1221 col.2,dec/DataSet/Data/CAP1_R1221_C2,,,numeric,textfield,,,0,0,0,0,0,0,0,161,0,,,,table number,0,0,15,0,,0,,,
Rînd. 1221 col.3,dec/DataSet/Data/CAP1_R1221_C3,,,numeric,textfield,,,0,0,0,0,0,0,0,162,0,,,,table number,0,0,15,0,,0,,,
Rînd. 1224 col.1,dec/DataSet/Data/CAP1_R1224_C1,,,numeric,textfield,,,0,0,0,0,0,0,0,163,0,,,,table number,0,0,15,0,,0,,,
Rînd. 1224 col.2,dec/DataSet/Data/CAP1_R1224_C2,,,numeric,textfield,,,0,0,0,0,0,0,0,164,0,,,,table number,0,0,15,0,,0,,,
Rînd. 1224 col.3,dec/DataSet/Data/CAP1_R1224_C3,,,numeric,textfield,,,0,0,0,0,0,0,0,165,0,,,,table number,0,0,15,0,,0,,,
Rînd. 1224 col.4,dec/DataSet/Data/CAP1_R1224_C4,,,numeric,textfield,,,0,0,0,0,0,0,0,166,0,,,,table number,0,0,15,0,,0,,,
Rînd. 1224 col.5,dec/DataSet/Data/CAP1_R1224_C5,,,numeric,textfield,,,0,0,0,0,0,0,0,167,0,,,,table number,0,0,15,0,,0,,,
Rînd. 1225 col.1,dec/DataSet/Data/CAP1_R1225_C1,,,numeric,textfield,,,0,0,0,0,0,0,0,168,0,,,,table number,0,0,15,0,,0,,,
Rînd. 1225 col.2,dec/DataSet/Data/CAP1_R1225_C2,,,numeric,textfield,,,0,0,0,0,0,0,0,169,0,,,,table number,0,0,15,0,,0,,,
Rînd. 1225 col.3,dec/DataSet/Data/CAP1_R1225_C3,,,numeric,textfield,,,0,0,0,0,0,0,0,170,0,,,,table number,0,0,15,0,,0,,,
Rînd. 1225 col.4,dec/DataSet/Data/CAP1_R1225_C4,,,numeric,textfield,,,0,0,0,0,0,0,0,171,0,,,,table number,0,0,15,0,,0,,,
Rînd. 1225 col.5,dec/DataSet/Data/CAP1_R1225_C5,,,numeric,textfield,,,0,0,0,0,0,0,0,172,0,,,,table number,0,0,15,0,,0,,,
Rînd. 1237 col.1,dec/DataSet/Data/CAP1_R1237_C1,,,numeric,textfield,,,0,0,0,0,0,0,0,188,0,,,,table number,0,0,15,0,,0,,,
Rînd. 1237 col.2,dec/DataSet/Data/CAP1_R1237_C2,,,numeric,textfield,,,0,0,0,0,0,0,0,189,0,,,,table number,0,0,15,0,,0,,,
Rînd. 1237 col.3,dec/DataSet/Data/CAP1_R1237_C3,,,numeric,textfield,,,0,0,0,0,0,0,0,190,0,,,,table number,0,0,15,0,,0,,,
Rînd. 1238 col.1,dec/DataSet/Data/CAP1_R1238_C1,,,numeric,textfield,,,0,0,0,0,0,0,0,191,0,,,,table number,0,0,15,0,,0,,,
Rînd. 1238 col.2,dec/DataSet/Data/CAP1_R1238_C2,,,numeric,textfield,,,0,0,0,0,0,0,0,192,0,,,,table number,0,0,15,0,,0,,,
Rînd. 1238 col.3,dec/DataSet/Data/CAP1_R1238_C3,,,numeric,textfield,,,0,0,0,0,0,0,0,193,0,,,,table number,0,0,15,0,,0,,,
Rînd. 1239 col.1,dec/DataSet/Data/CAP1_R1239_C1,,,numeric,textfield,,,0,0,0,0,0,0,0,194,0,,,,table number,0,0,15,0,,0,,,
Rînd. 1239 col.2,dec/DataSet/Data/CAP1_R1239_C2,,,numeric,textfield,,,0,0,0,0,0,0,0,195,0,,,,table number,0,0,15,0,,0,,,
Rînd. 1239 col.3,dec/DataSet/Data/CAP1_R1239_C3,,,numeric,textfield,,,0,0,0,0,0,0,0,196,0,,,,table number,0,0,15,0,,0,,,
Rînd. 1242 col.2,dec/DataSet/Data/CAP1_R1242_C2,,,numeric,textfield,,,0,0,0,0,0,0,0,201,0,,,,table number,0,0,15,0,,0,,,
Rînd. 1242 col.3,dec/DataSet/Data/CAP1_R1242_C3,,,numeric,textfield,,,0,0,0,0,0,0,0,202,0,,,,table number,0,0,15,0,,0,,,
Rînd. 1242 col.4,dec/DataSet/Data/CAP1_R1242_C4,,,numeric,textfield,,,0,0,0,0,0,0,0,203,0,,,,table number,0,0,15,0,,0,,,
Rînd. 1243 col.1,dec/DataSet/Data/CAP1_R1243_C1,,,numeric,textfield,,,0,0,0,0,0,0,0,204,0,,,,table number,0,0,15,0,,0,,,
Rînd. 1243 col.2,dec/DataSet/Data/CAP1_R1243_C2,,,numeric,textfield,,,0,0,0,0,0,0,0,205,0,,,,table number,0,0,15,0,,0,,,
Rînd. 1243 col.3,dec/DataSet/Data/CAP1_R1243_C3,,,numeric,textfield,,,0,0,0,0,0,0,0,206,0,,,,table number,0,0,15,0,,0,,,
Rînd. 1243 col.4,dec/DataSet/Data/CAP1_R1243_C4,,,numeric,textfield,,,0,0,0,0,0,0,0,207,0,,,,table number,0,0,15,0,,0,,,
Rînd. 1244 col.1,dec/DataSet/Data/CAP1_R1244_C1,,,numeric,textfield,,,0,0,0,0,0,0,0,208,0,,,,table number,0,0,15,0,,0,,,
Rînd. 1244 col.2,dec/DataSet/Data/CAP1_R1244_C2,,,numeric,textfield,,,0,0,0,0,0,0,0,209,0,,,,table number,0,0,15,0,,0,,,
Rînd. 1301 col.1,dec/DataSet/Data/CAP1_R1301_C1,,,float,textfield,,,0,0,0,0,0,0,0,210,0,,,,table number,0,0,15,1,,0,,,
Rînd. 1301 col.2,dec/DataSet/Data/CAP1_R1301_C2,,,float,textfield,,,0,0,0,0,0,0,0,211,0,,,,table number,0,0,15,1,,0,,,
Rînd. 1301 col.3,dec/DataSet/Data/CAP1_R1301_C3,,,numeric,textfield,,,0,0,0,0,0,0,0,212,0,,,,table number,0,0,15,0,,0,,,
Rînd. 1301 col.5,dec/DataSet/Data/CAP1_R1301_C5,,,numeric,textfield,,,0,0,0,0,0,0,0,213,0,,,,table number,0,0,15,0,,0,,,
Rînd. 1302 col.1,dec/DataSet/Data/CAP1_R1302_C1,,,float,textfield,,,0,0,0,0,0,0,0,214,0,,,,table number,0,0,15,1,,0,,,
Rînd. 1302 col.2,dec/DataSet/Data/CAP1_R1302_C2,,,float,textfield,,,0,0,0,0,0,0,0,215,0,,,,table number,0,0,15,1,,0,,,
Rînd. 1302 col.3,dec/DataSet/Data/CAP1_R1302_C3,,,numeric,textfield,,,0,0,0,0,0,0,0,216,0,,,,table number,0,0,15,0,,0,,,
Rînd. 1302 col.5,dec/DataSet/Data/CAP1_R1302_C5,,,numeric,textfield,,,0,0,0,0,0,0,0,217,0,,,,table number,0,0,15,0,,0,,,
Rînd. 1303 col.1,dec/DataSet/Data/CAP1_R1303_C1,,,float,textfield,,,0,0,0,0,0,0,0,218,0,,,,table number,0,0,15,1,,0,,,
Rînd. 1303 col.2,dec/DataSet/Data/CAP1_R1303_C2,,,float,textfield,,,0,0,0,0,0,0,0,219,0,,,,table number,0,0,15,1,,0,,,
Rînd. 1303 col.3,dec/DataSet/Data/CAP1_R1303_C3,,,numeric,textfield,,,0,0,0,0,0,0,0,220,0,,,,table number,0,0,15,0,,0,,,
Rînd. 1303 col.5,dec/DataSet/Data/CAP1_R1303_C5,,,numeric,textfield,,,0,0,0,0,0,0,0,221,0,,,,table number,0,0,15,0,,0,,,
Rînd. 1305 col.1,dec/DataSet/Data/CAP1_R1305_C1,,,float,textfield,,,0,0,0,0,0,0,0,222,0,,,,table number,0,0,15,1,,0,,,
Rînd. 1305 col.2,dec/DataSet/Data/CAP1_R1305_C2,,,float,textfield,,,0,0,0,0,0,0,0,223,0,,,,table number,0,0,15,1,,0,,,
Rînd. 1305 col.3,dec/DataSet/Data/CAP1_R1305_C3,,,numeric,textfield,,,0,0,0,0,0,0,0,224,0,,,,table number,0,0,15,0,,0,,,
Rînd. 1305 col.5,dec/DataSet/Data/CAP1_R1305_C5,,,numeric,textfield,,,0,0,0,0,0,0,0,225,0,,,,table number,0,0,15,0,,0,,,
Rînd. 1306 col.1,dec/DataSet/Data/CAP1_R1306_C1,,,float,textfield,,,0,0,0,0,0,0,0,226,0,,,,table number,0,0,15,1,,0,,,
Rînd. 1306 col.2,dec/DataSet/Data/CAP1_R1306_C2,,,float,textfield,,,0,0,0,0,0,0,0,227,0,,,,table number,0,0,15,1,,0,,,
Rînd. 1306 col.3,dec/DataSet/Data/CAP1_R1306_C3,,,numeric,textfield,,,0,0,0,0,0,0,0,228,0,,,,table number,0,0,15,0,,0,,,
Rînd. 1306 col.5,dec/DataSet/Data/CAP1_R1306_C5,,,numeric,textfield,,,0,0,0,0,0,0,0,229,0,,,,table number,0,0,15,0,,0,,,
Rînd. 1307 col.1,dec/DataSet/Data/CAP1_R1307_C1,,,float,textfield,,,0,0,0,0,0,0,0,230,0,,,,table number,0,0,15,1,,0,,,
Rînd. 1307 col.2,dec/DataSet/Data/CAP1_R1307_C2,,,float,textfield,,,0,0,0,0,0,0,0,231,0,,,,table number,0,0,15,1,,0,,,
Rînd. 1307 col.3,dec/DataSet/Data/CAP1_R1307_C3,,,numeric,textfield,,,0,0,0,0,0,0,0,232,0,,,,table number,0,0,15,0,,0,,,
Rînd. 1307 col.5,dec/DataSet/Data/CAP1_R1307_C5,,,numeric,textfield,,,0,0,0,0,0,0,0,233,0,,,,table number,0,0,15,0,,0,,,
Rînd. 1308 col.1,dec/DataSet/Data/CAP1_R1308_C1,,,float,textfield,,,0,0,0,0,0,0,0,234,0,,,,table number,0,0,15,1,,0,,,
Rînd. 1308 col.2,dec/DataSet/Data/CAP1_R1308_C2,,,float,textfield,,,0,0,0,0,0,0,0,235,0,,,,table number,0,0,15,1,,0,,,
Rînd. 1308 col.3,dec/DataSet/Data/CAP1_R1308_C3,,,numeric,textfield,,,0,0,0,0,0,0,0,236,0,,,,table number,0,0,15,0,,0,,,
Rînd. 1308 col.5,dec/DataSet/Data/CAP1_R1308_C5,,,numeric,textfield,,,0,0,0,0,0,0,0,237,0,,,,table number,0,0,15,0,,0,,,
Rînd. 1309 col.1,dec/DataSet/Data/CAP1_R1309_C1,,,float,textfield,,,0,0,0,0,0,0,0,238,0,,,,table number,0,0,15,1,,0,,,
Rînd. 1309 col.2,dec/DataSet/Data/CAP1_R1309_C2,,,float,textfield,,,0,0,0,0,0,0,0,239,0,,,,table number,0,0,15,1,,0,,,
Rînd. 1309 col.3,dec/DataSet/Data/CAP1_R1309_C3,,,numeric,textfield,,,0,0,0,0,0,0,0,240,0,,,,table number,0,0,15,0,,0,,,
Rînd. 1309 col.5,dec/DataSet/Data/CAP1_R1309_C5,,,numeric,textfield,,,0,0,0,0,0,0,0,241,0,,,,table number,0,0,15,0,,0,,,
Rînd. 1310 col.1,dec/DataSet/Data/CAP1_R1310_C1,,,float,textfield,,,0,0,0,0,0,0,0,242,0,,,,table number,0,0,15,1,,0,,,
Rînd. 1310 col.2,dec/DataSet/Data/CAP1_R1310_C2,,,float,textfield,,,0,0,0,0,0,0,0,243,0,,,,table number,0,0,15,1,,0,,,
Rînd. 1310 col.3,dec/DataSet/Data/CAP1_R1310_C3,,,numeric,textfield,,,0,0,0,0,0,0,0,244,0,,,,table number,0,0,15,0,,0,,,
Rînd. 1310 col.5,dec/DataSet/Data/CAP1_R1310_C5,,,numeric,textfield,,,0,0,0,0,0,0,0,245,0,,,,table number,0,0,15,0,,0,,,
Rînd. 1311 col.1,dec/DataSet/Data/CAP1_R1311_C1,,,float,textfield,,,0,0,0,0,0,0,0,246,0,,,,table number,0,0,15,1,,0,,,
Rînd. 1311 col.2,dec/DataSet/Data/CAP1_R1311_C2,,,float,textfield,,,0,0,0,0,0,0,0,247,0,,,,table number,0,0,15,1,,0,,,
Rînd. 1311 col.3,dec/DataSet/Data/CAP1_R1311_C3,,,numeric,textfield,,,0,0,0,0,0,0,0,248,0,,,,table number,0,0,15,0,,0,,,
Rînd. 1311 col.5,dec/DataSet/Data/CAP1_R1311_C5,,,numeric,textfield,,,0,0,0,0,0,0,0,249,0,,,,table number,0,0,15,0,,0,,,
Rînd. 1312 col.1,dec/DataSet/Data/CAP1_R1312_C1,,,float,textfield,,,0,0,0,0,0,0,0,250,0,,,,table number,0,0,15,1,,0,,,
Rînd. 1312 col.2,dec/DataSet/Data/CAP1_R1312_C2,,,float,textfield,,,0,0,0,0,0,0,0,251,0,,,,table number,0,0,15,1,,0,,,
Rînd. 1312 col.3,dec/DataSet/Data/CAP1_R1312_C3,,,numeric,textfield,,,0,0,0,0,0,0,0,252,0,,,,table number,0,0,15,0,,0,,,
Rînd. 1312 col.5,dec/DataSet/Data/CAP1_R1312_C5,,,numeric,textfield,,,0,0,0,0,0,0,0,253,0,,,,table number,0,0,15,0,,0,,,
Rînd. 1313 col.1,dec/DataSet/Data/CAP1_R1313_C1,,,float,textfield,,,0,0,0,0,0,0,0,254,0,,,,table number,0,0,15,1,,0,,,
Rînd. 1313 col.2,dec/DataSet/Data/CAP1_R1313_C2,,,float,textfield,,,0,0,0,0,0,0,0,255,0,,,,table number,0,0,15,1,,0,,,
Rînd. 1313 col.3,dec/DataSet/Data/CAP1_R1313_C3,,,numeric,textfield,,,0,0,0,0,0,0,0,256,0,,,,table number,0,0,15,0,,0,,,
Rînd. 1313 col.5,dec/DataSet/Data/CAP1_R1313_C5,,,numeric,textfield,,,0,0,0,0,0,0,0,257,0,,,,table number,0,0,15,0,,0,,,
Rînd. 1314 col.1,dec/DataSet/Data/CAP1_R1314_C1,,,float,textfield,,,0,0,0,0,0,0,0,258,0,,,,table number,0,0,15,1,,0,,,
Rînd. 1314 col.2,dec/DataSet/Data/CAP1_R1314_C2,,,float,textfield,,,0,0,0,0,0,0,0,259,0,,,,table number,0,0,15,1,,0,,,
Rînd. 1314 col.3,dec/DataSet/Data/CAP1_R1314_C3,,,numeric,textfield,,,0,0,0,0,0,0,0,260,0,,,,table number,0,0,15,0,,0,,,
Rînd. 1314 col.5,dec/DataSet/Data/CAP1_R1314_C5,,,numeric,textfield,,,0,0,0,0,0,0,0,261,0,,,,table number,0,0,15,0,,0,,,
Rînd. 1315 col.1,dec/DataSet/Data/CAP1_R1315_C1,,,float,textfield,,,0,0,0,0,0,0,0,262,0,,,,table number,0,0,15,1,,0,,,
Rînd. 1315 col.2,dec/DataSet/Data/CAP1_R1315_C2,,,float,textfield,,,0,0,0,0,0,0,0,263,0,,,,table number,0,0,15,1,,0,,,
Rînd. 1315 col.3,dec/DataSet/Data/CAP1_R1315_C3,,,numeric,textfield,,,0,0,0,0,0,0,0,264,0,,,,table number,0,0,15,0,,0,,,
Rînd. 1315 col.5,dec/DataSet/Data/CAP1_R1315_C5,,,numeric,textfield,,,0,0,0,0,0,0,0,265,0,,,,table number,0,0,15,0,,0,,,
Rînd. 1316 col.1,dec/DataSet/Data/CAP1_R1316_C1,,,float,textfield,,,0,0,0,0,0,0,0,266,0,,,,table number,0,0,15,1,,0,,,
Rînd. 1316 col.2,dec/DataSet/Data/CAP1_R1316_C2,,,float,textfield,,,0,0,0,0,0,0,0,267,0,,,,table number,0,0,15,1,,0,,,
Rînd. 1316 col.3,dec/DataSet/Data/CAP1_R1316_C3,,,numeric,textfield,,,0,0,0,0,0,0,0,268,0,,,,table number,0,0,15,0,,0,,,
Rînd. 1316 col.5,dec/DataSet/Data/CAP1_R1316_C5,,,numeric,textfield,,,0,0,0,0,0,0,0,269,0,,,,table number,0,0,15,0,,0,,,
Rînd. 1317 col.1,dec/DataSet/Data/CAP1_R1317_C1,,,float,textfield,,,0,0,0,0,0,0,0,270,0,,,,table number,0,0,15,1,,0,,,
Rînd. 1317 col.2,dec/DataSet/Data/CAP1_R1317_C2,,,float,textfield,,,0,0,0,0,0,0,0,271,0,,,,table number,0,0,15,1,,0,,,
Rînd. 1317 col.3,dec/DataSet/Data/CAP1_R1317_C3,,,numeric,textfield,,,0,0,0,0,0,0,0,272,0,,,,table number,0,0,15,0,,0,,,
Rînd. 1317 col.5,dec/DataSet/Data/CAP1_R1317_C5,,,numeric,textfield,,,0,0,0,0,0,0,0,273,0,,,,table number,0,0,15,0,,0,,,
Rînd. 1318 col.1,dec/DataSet/Data/CAP1_R1318_C1,,,float,textfield,,,0,0,0,0,0,0,0,274,0,,,,table number,0,0,15,1,,0,,,
Rînd. 1318 col.2,dec/DataSet/Data/CAP1_R1318_C2,,,float,textfield,,,0,0,0,0,0,0,0,275,0,,,,table number,0,0,15,1,,0,,,
Rînd. 1318 col.3,dec/DataSet/Data/CAP1_R1318_C3,,,numeric,textfield,,,0,0,0,0,0,0,0,276,0,,,,table number,0,0,15,0,,0,,,
Rînd. 1318 col.5,dec/DataSet/Data/CAP1_R1318_C5,,,numeric,textfield,,,0,0,0,0,0,0,0,277,0,,,,table number,0,0,15,0,,0,,,
Rînd. 1319 col.1,dec/DataSet/Data/CAP1_R1319_C1,,,float,textfield,,,0,0,0,0,0,0,0,278,0,,,,table number,0,0,15,1,,0,,,
Rînd. 1319 col.2,dec/DataSet/Data/CAP1_R1319_C2,,,float,textfield,,,0,0,0,0,0,0,0,279,0,,,,table number,0,0,15,1,,0,,,
Rînd. 1319 col.3,dec/DataSet/Data/CAP1_R1319_C3,,,numeric,textfield,,,0,0,0,0,0,0,0,280,0,,,,table number,0,0,15,0,,0,,,
Rînd. 1319 col.5,dec/DataSet/Data/CAP1_R1319_C5,,,numeric,textfield,,,0,0,0,0,0,0,0,281,0,,,,table number,0,0,15,0,,0,,,
Rînd. 1320 col.1,dec/DataSet/Data/CAP1_R1320_C1,,,numeric,textfield,,,0,0,0,0,0,0,0,282,0,,,,table number,0,0,15,0,,0,,,
Rînd. 1320 col.2,dec/DataSet/Data/CAP1_R1320_C2,,,numeric,textfield,,,0,0,0,0,0,0,0,283,0,,,,table number,0,0,15,0,,0,,,
Rînd. 1320 col.3,dec/DataSet/Data/CAP1_R1320_C3,,,numeric,textfield,,,0,0,0,0,0,0,0,284,0,,,,table number,0,0,15,0,,0,,,
Rînd. 1321 col.1,dec/DataSet/Data/CAP1_R1321_C1,,,numeric,textfield,,,0,0,0,0,0,0,0,285,0,,,,table number,0,0,15,0,,0,,,
Rînd. 1321 col.2,dec/DataSet/Data/CAP1_R1321_C2,,,numeric,textfield,,,0,0,0,0,0,0,0,286,0,,,,table number,0,0,15,0,,0,,,
Rînd. 1321 col.3,dec/DataSet/Data/CAP1_R1321_C3,,,numeric,textfield,,,0,0,0,0,0,0,0,287,0,,,,table number,0,0,15,0,,0,,,
Rînd. 1322 col.1,dec/DataSet/Data/CAP1_R1322_C1,,,numeric,textfield,,,0,0,0,0,0,0,0,288,0,,,,table number,0,0,15,0,,0,,,
Rînd. 1322 col.2,dec/DataSet/Data/CAP1_R1322_C2,,,numeric,textfield,,,0,0,0,0,0,0,0,289,0,,,,table number,0,0,15,0,,0,,,
Rînd. 1322 col.3,dec/DataSet/Data/CAP1_R1322_C3,,,numeric,textfield,,,0,0,0,0,0,0,0,290,0,,,,table number,0,0,15,0,,0,,,
Rînd. 1323 col.1,dec/DataSet/Data/CAP1_R1323_C1,,,numeric,textfield,,,0,0,0,0,0,0,0,291,0,,,,table number,0,0,15,0,,0,,,
Rînd. 1323 col.2,dec/DataSet/Data/CAP1_R1323_C2,,,numeric,textfield,,,0,0,0,0,0,0,0,292,0,,,,table number,0,0,15,0,,0,,,
Rînd. 1323 col.3,dec/DataSet/Data/CAP1_R1323_C3,,,numeric,textfield,,,0,0,0,0,0,0,0,293,0,,,,table number,0,0,15,0,,0,,,
Rînd. 1323 col.5,dec/DataSet/Data/CAP1_R1323_C5,,,numeric,textfield,,,0,0,0,0,0,0,0,294,0,,,,table number,0,0,15,0,,0,,,
Rînd. 1324 col.1,dec/DataSet/Data/CAP1_R1324_C1,,,numeric,textfield,,,0,0,0,0,0,0,0,295,0,,,,table number,0,0,15,0,,0,,,
Rînd. 1324 col.2,dec/DataSet/Data/CAP1_R1324_C2,,,numeric,textfield,,,0,0,0,0,0,0,0,296,0,,,,table number,0,0,15,0,,0,,,
Rînd. 1324 col.3,dec/DataSet/Data/CAP1_R1324_C3,,,numeric,textfield,,,0,0,0,0,0,0,0,297,0,,,,table number,0,0,15,0,,0,,,
Rînd. 1324 col.5,dec/DataSet/Data/CAP1_R1324_C5,,,numeric,textfield,,,0,0,0,0,0,0,0,298,0,,,,table number,0,0,15,0,,0,,,
Rînd. 1325 col.1,dec/DataSet/Data/CAP1_R1325_C1,,,numeric,textfield,,,0,0,0,0,0,0,0,299,0,,,,table number,0,0,15,0,,0,,,
Rînd. 1325 col.2,dec/DataSet/Data/CAP1_R1325_C2,,,numeric,textfield,,,0,0,0,0,0,0,0,300,0,,,,table number,0,0,15,0,,0,,,
Rînd. 1325 col.3,dec/DataSet/Data/CAP1_R1325_C3,,,numeric,textfield,,,0,0,0,0,0,0,0,301,0,,,,table number,0,0,15,0,,0,,,
Rînd. 1325 col.5,dec/DataSet/Data/CAP1_R1325_C5,,,numeric,textfield,,,0,0,0,0,0,0,0,302,0,,,,table number,0,0,15,0,,0,,,
Rînd. 1326 col.1,dec/DataSet/Data/CAP1_R1326_C1,,,numeric,textfield,,,0,0,0,0,0,0,0,303,0,,,,table number,0,0,15,0,,0,,,
Rînd. 1326 col.2,dec/DataSet/Data/CAP1_R1326_C2,,,numeric,textfield,,,0,0,0,0,0,0,0,304,0,,,,table number,0,0,15,0,,0,,,
Rînd. 1326 col.3,dec/DataSet/Data/CAP1_R1326_C3,,,numeric,textfield,,,0,0,0,0,0,0,0,305,0,,,,table number,0,0,15,0,,0,,,
Rînd. 1326 col.5,dec/DataSet/Data/CAP1_R1326_C5,,,numeric,textfield,,,0,0,0,0,0,0,0,306,0,,,,table number,0,0,15,0,,0,,,
Rînd. 1327 col.1,dec/DataSet/Data/CAP1_R1327_C1,,,numeric,textfield,,,0,0,0,0,0,0,0,307,0,,,,table number,0,0,15,0,,0,,,
Rînd. 1327 col.2,dec/DataSet/Data/CAP1_R1327_C2,,,numeric,textfield,,,0,0,0,0,0,0,0,308,0,,,,table number,0,0,15,0,,0,,,
Rînd. 1327 col.3,dec/DataSet/Data/CAP1_R1327_C3,,,numeric,textfield,,,0,0,0,0,0,0,0,309,0,,,,table number,0,0,15,0,,0,,,
Rînd. 1328 col.1,dec/DataSet/Data/CAP1_R1328_C1,,,numeric,textfield,,,0,0,0,0,0,0,0,310,0,,,,table number,0,0,15,0,,0,,,
Rînd. 1329 col.3,dec/DataSet/Data/CAP1_R1329_C3,,,numeric,textfield,,,0,0,0,0,0,0,0,311,0,,,,table number,0,0,15,0,,0,,,
Rînd. 1330 col.3,dec/DataSet/Data/CAP1_R1330_C3,,,numeric,textfield,,,0,0,0,0,0,0,0,312,0,,,,table number,0,0,15,0,,0,,,
Rînd. 1330 col.5,dec/DataSet/Data/CAP1_R1330_C5,,,numeric,textfield,,,0,0,0,0,0,0,0,313,0,,,,table number,0,0,15,0,,0,,,
Rînd. 1401 col.1,dec/DataSet/Data/CAP1_R1401_C1,,,numeric,textfield,,,0,0,0,0,0,0,0,314,0,,,,table number,0,0,15,0,,0,,,
Rînd. 1401 col.2,dec/DataSet/Data/CAP1_R1401_C2,,,numeric,textfield,,,0,0,0,0,0,0,0,315,0,,,,table number,0,0,15,0,,0,,,
Rînd. 1401 col.3,dec/DataSet/Data/CAP1_R1401_C3,,,numeric,textfield,,,0,0,0,0,0,0,0,316,0,,,,table number,0,0,15,0,,0,,,
Rînd. 1401 col.5,dec/DataSet/Data/CAP1_R1401_C5,,,numeric,textfield,,,0,0,0,0,0,0,0,317,0,,,,table number,0,0,15,0,,0,,,
Rînd. 1402 col.1,dec/DataSet/Data/CAP1_R1402_C1,,,numeric,textfield,,,0,0,0,0,0,0,0,318,0,,,,table number,0,0,15,0,,0,,,
Rînd. 1402 col.2,dec/DataSet/Data/CAP1_R1402_C2,,,numeric,textfield,,,0,0,0,0,0,0,0,319,0,,,,table number,0,0,15,0,,0,,,
Rînd. 1402 col.3,dec/DataSet/Data/CAP1_R1402_C3,,,numeric,textfield,,,0,0,0,0,0,0,0,320,0,,,,table number,0,0,15,0,,0,,,
Rînd. 1402 col.5,dec/DataSet/Data/CAP1_R1402_C5,,,numeric,textfield,,,0,0,0,0,0,0,0,321,0,,,,table number,0,0,15,0,,0,,,
Rînd. 1403 col.1,dec/DataSet/Data/CAP1_R1403_C1,,,numeric,textfield,,,0,0,0,0,0,0,0,322,0,,,,table number,0,0,15,0,,0,,,
Rînd. 1403 col.2,dec/DataSet/Data/CAP1_R1403_C2,,,numeric,textfield,,,0,0,0,0,0,0,0,323,0,,,,table number,0,0,15,0,,0,,,
Rînd. 1403 col.3,dec/DataSet/Data/CAP1_R1403_C3,,,numeric,textfield,,,0,0,0,0,0,0,0,324,0,,,,table number,0,0,15,0,,0,,,
Rînd. 1404 col.1,dec/DataSet/Data/CAP1_R1404_C1,,,numeric,textfield,,,0,0,0,0,0,0,0,325,0,,,,table number,0,0,15,0,,0,,,
Rînd. 1404 col.2,dec/DataSet/Data/CAP1_R1404_C2,,,numeric,textfield,,,0,0,0,0,0,0,0,326,0,,,,table number,0,0,15,0,,0,,,
Rînd. 1404 col.3,dec/DataSet/Data/CAP1_R1404_C3,,,numeric,textfield,,,0,0,0,0,0,0,0,327,0,,,,table number,0,0,15,0,,0,,,
Rînd. 1405 col.1,dec/DataSet/Data/CAP1_R1405_C1,,,numeric,textfield,,,0,0,0,0,0,0,0,328,0,,,,table number,0,0,15,0,,0,,,
Rînd. 1405 col.2,dec/DataSet/Data/CAP1_R1405_C2,,,numeric,textfield,,,0,0,0,0,0,0,0,329,0,,,,table number,0,0,15,0,,0,,,
Rînd. 1405 col.3,dec/DataSet/Data/CAP1_R1405_C3,,,numeric,textfield,,,0,0,0,0,0,0,0,330,0,,,,table number,0,0,15,0,,0,,,
Rînd. 1405 col.5,dec/DataSet/Data/CAP1_R1405_C5,,,numeric,textfield,,,0,0,0,0,0,0,0,331,0,,,,table number,0,0,15,0,,0,,,
Rînd. 1406 col.1,dec/DataSet/Data/CAP1_R1406_C1,,,numeric,textfield,,,0,0,0,0,0,0,0,332,0,,,,table number,0,0,15,0,,0,,,
Rînd. 1406 col.2,dec/DataSet/Data/CAP1_R1406_C2,,,numeric,textfield,,,0,0,0,0,0,0,0,333,0,,,,table number,0,0,15,0,,0,,,
Rînd. 1406 col.3,dec/DataSet/Data/CAP1_R1406_C3,,,numeric,textfield,,,0,0,0,0,0,0,0,334,0,,,,table number,0,0,15,0,,0,,,
Rînd. 1406 col.5,dec/DataSet/Data/CAP1_R1406_C5,,,numeric,textfield,,,0,0,0,0,0,0,0,335,0,,,,table number,0,0,15,0,,0,,,
Rînd. 1409 col.1,dec/DataSet/Data/CAP1_R1409_C1,,,numeric,textfield,,,0,0,0,0,0,0,0,336,0,,,,table number,0,0,15,0,,0,,,
Rînd. 1409 col.2,dec/DataSet/Data/CAP1_R1409_C2,,,numeric,textfield,,,0,0,0,0,0,0,0,337,0,,,,table number,0,0,15,0,,0,,,
Rînd. 1409 col.3,dec/DataSet/Data/CAP1_R1409_C3,,,numeric,textfield,,,0,0,0,0,0,0,0,338,0,,,,table number,0,0,15,0,,0,,,
Rînd. 1409 col.5,dec/DataSet/Data/CAP1_R1409_C5,,,numeric,textfield,,,0,0,0,0,0,0,0,339,0,,,,table number,0,0,15,0,,0,,,
Rînd. 1411 col.1,dec/DataSet/Data/CAP1_R1411_C1,,,numeric,textfield,,,0,0,0,0,0,0,0,340,0,,,,table number,0,0,15,0,,0,,,
Rînd. 1411 col.5,dec/DataSet/Data/CAP1_R1411_C5,,,numeric,textfield,,,0,0,0,0,0,0,0,341,0,,,,table number,0,0,15,0,,0,,,
Rînd. 1412 col.2,dec/DataSet/Data/CAP1_R1412_C2,,,numeric,textfield,,,0,0,0,0,0,0,0,342,0,,,,table number,0,0,15,0,,0,,,
Rînd. 1412 col.3,dec/DataSet/Data/CAP1_R1412_C3,,,numeric,textfield,,,0,0,0,0,0,0,0,343,0,,,,table number,0,0,15,0,,0,,,
Rînd. 1412 col.5,dec/DataSet/Data/CAP1_R1412_C5,,,numeric,textfield,,,0,0,0,0,0,0,0,344,0,,,,table number,0,0,15,0,,0,,,
Rînd. 1413 col.2,dec/DataSet/Data/CAP1_R1413_C2,,,numeric,textfield,,,0,0,0,0,0,0,0,345,0,,,,table number,0,0,15,0,,0,,,
Rînd. 1413 col.3,dec/DataSet/Data/CAP1_R1413_C3,,,numeric,textfield,,,0,0,0,0,0,0,0,346,0,,,,table number,0,0,15,0,,0,,,
Rînd. 1413 col.5,dec/DataSet/Data/CAP1_R1413_C5,,,numeric,textfield,,,0,0,0,0,0,0,0,347,0,,,,table number,0,0,15,0,,0,,,
Rînd. 1414 col.2,dec/DataSet/Data/CAP1_R1414_C2,,,numeric,textfield,,,0,0,0,0,0,0,0,348,0,,,,table number,0,0,15,0,,0,,,
Rînd. 1415 col.2,dec/DataSet/Data/CAP1_R1415_C2,,,numeric,textfield,,,0,0,0,0,0,0,0,349,0,,,,table number,0,0,15,0,,0,,,
Rînd. 1415 col.4,dec/DataSet/Data/CAP1_R1415_C4,,,numeric,textfield,,,0,0,0,0,0,0,0,350,0,,,,table number,0,0,15,0,,0,,,
Rînd. 1418 col.1,dec/DataSet/Data/CAP1_R1418_C1,,,numeric,textfield,,,0,0,0,0,0,0,0,351,0,,,,table number,0,0,15,0,,0,,,
Rînd. 1419 col.2,dec/DataSet/Data/CAP1_R1419_C2,,,numeric,textfield,,,0,0,0,0,0,0,0,352,0,,,,table number,0,0,15,0,,0,,,
Rînd. 1419 col.3,dec/DataSet/Data/CAP1_R1419_C3,,,numeric,textfield,,,0,0,0,0,0,0,0,353,0,,,,table number,0,0,15,0,,0,,,
Rînd. 1419 col.5,dec/DataSet/Data/CAP1_R1419_C5,,,numeric,textfield,,,0,0,0,0,0,0,0,354,0,,,,table number,0,0,15,0,,0,,,
Rînd. 1420 col.5,dec/DataSet/Data/CAP1_R1420_C5,,,numeric,textfield,,,0,0,0,0,0,0,0,357,0,,,,table number,0,0,15,0,,0,,,
Rînd. 1421 col.2,dec/DataSet/Data/CAP1_R1421_C2,,,numeric,textfield,,,0,0,0,0,0,0,0,358,0,,,,table number,0,0,15,0,,0,,,
Rînd. 1421 col.4,dec/DataSet/Data/CAP1_R1421_C4,,,numeric,textfield,,,0,0,0,0,0,0,0,359,0,,,,table number,0,0,15,0,,0,,,
Rînd. 1422 col.1,dec/DataSet/Data/CAP1_R1422_C1,,,numeric,textfield,,,0,0,0,0,0,0,0,360,0,,,,table number,0,0,15,0,,0,,,
Rînd. 1434 col.1,dec/DataSet/Data/CAP1_R1434_C1,,,numeric,textfield,,,0,0,0,0,0,0,0,361,0,,,,table number,0,0,15,0,,0,,,
Rînd. 1442 col.1,dec/DataSet/Data/CAP1_R1442_C1,,,numeric,textfield,,,0,0,0,0,0,0,0,363,0,,,,table number,0,0,15,0,,0,,,
Rînd. 1501 col.2,dec/DataSet/Data/CAP1_R1501_C2,,,numeric,textfield,,,0,0,0,0,0,0,0,364,0,,,,table number,0,0,15,0,,0,,,
Rînd. 1501 col.3,dec/DataSet/Data/CAP1_R1501_C3,,,numeric,textfield,,,0,0,0,0,0,0,0,365,0,,,,table number,0,0,15,0,,0,,,
Rînd. 1501 col.5,dec/DataSet/Data/CAP1_R1501_C5,,,numeric,textfield,,,0,0,0,0,0,0,0,366,0,,,,table number,0,0,15,0,,0,,,
Rînd. 1502 col.2,dec/DataSet/Data/CAP1_R1502_C2,,,numeric,textfield,,,0,0,0,0,0,0,0,367,0,,,,table number,0,0,15,0,,0,,,
Rînd. 1502 col.3,dec/DataSet/Data/CAP1_R1502_C3,,,numeric,textfield,,,0,0,0,0,0,0,0,368,0,,,,table number,0,0,15,0,,0,,,
Rînd. 1502 col.5,dec/DataSet/Data/CAP1_R1502_C5,,,numeric,textfield,,,0,0,0,0,0,0,0,369,0,,,,table number,0,0,15,0,,0,,,
Rînd. 1606 col.1,dec/DataSet/Data/CAP1_R1606_C1,,,numeric,textfield,,,0,0,0,0,0,0,0,370,0,,,,table number,0,0,15,0,,0,,,
Rînd. 1613 col.3,dec/DataSet/Data/CAP1_R1613_C3,,,numeric,textfield,,,0,0,0,0,0,0,0,371,0,,,,table number,0,0,15,0,,0,,,
Rînd. 1617 col.3,dec/DataSet/Data/CAP1_R1617_C3,,,numeric,textfield,,,0,0,0,0,0,0,0,372,0,,,,table number,0,0,15,0,,0,,,
Rînd. 1701 col.1,dec/DataSet/Data/CAP1A_R1701_C1,,,numeric,textfield,,,0,0,0,0,0,0,0,376,0,,,,table number,0,0,15,0,,0,,,
Rînd. 1701 col.2,dec/DataSet/Data/CAP1A_R1701_C2,,,numeric,textfield,,,0,0,0,0,0,0,0,377,0,,,,table number,0,0,15,0,,0,,,
Rînd. 1702 col.1,dec/DataSet/Data/CAP1A_R1702_C1,,,numeric,textfield,,,0,0,0,0,0,0,0,378,0,,,,table number,0,0,15,0,,0,,,
Rînd. 1702 col.2,dec/DataSet/Data/CAP1A_R1702_C2,,,numeric,textfield,,,0,0,0,0,0,0,0,379,0,,,,table number,0,0,15,0,,0,,,
Rînd. 1703 col.1,dec/DataSet/Data/CAP1A_R1703_C1,,,numeric,textfield,,,0,0,0,0,0,0,0,380,0,,,,table number,0,0,15,0,,0,,,
Rînd. 1703 col.2,dec/DataSet/Data/CAP1A_R1703_C2,,,numeric,textfield,,,0,0,0,0,0,0,0,381,0,,,,table number,0,0,15,0,,0,,,
Rînd. 1704 col.1,dec/DataSet/Data/CAP1A_R1704_C1,,,numeric,textfield,,,0,0,0,0,0,0,0,382,0,,,,table number,0,0,15,0,,0,,,
Rînd. 1704 col.2,dec/DataSet/Data/CAP1A_R1704_C2,,,numeric,textfield,,,0,0,0,0,0,0,0,383,0,,,,table number,0,0,15,0,,0,,,
Rînd. 1705 col.1,dec/DataSet/Data/CAP1A_R1705_C1,,,numeric,textfield,,,0,0,0,0,0,0,0,384,0,,,,table number,0,0,15,0,,0,,,
Rînd. 1705 col.2,dec/DataSet/Data/CAP1A_R1705_C2,,,numeric,textfield,,,0,0,0,0,0,0,0,385,0,,,,table number,0,0,15,0,,0,,,
Rînd. 1706 col.1,dec/DataSet/Data/CAP1A_R1706_C1,,,numeric,textfield,,,0,0,0,0,0,0,0,386,0,,,,table number,0,0,15,0,,0,,,
Rînd. 1706 col.2,dec/DataSet/Data/CAP1A_R1706_C2,,,numeric,textfield,,,0,0,0,0,0,0,0,387,0,,,,table number,0,0,15,0,,0,,,
Rînd. 1707 col.1,dec/DataSet/Data/CAP1A_R1707_C1,,,numeric,textfield,,,0,0,0,0,0,0,0,388,0,,,,table number,0,0,15,0,,0,,,
Rînd. 1707 col.2,dec/DataSet/Data/CAP1A_R1707_C2,,,numeric,textfield,,,0,0,0,0,0,0,0,389,0,,,,table number,0,0,15,0,,0,,,
Rînd. 2100 col.1,dec/DataSet/Data/CAP2_R2100_C1,,,numeric,textfield,,,0,0,0,0,0,0,0,390,0,,,,table number,0,0,15,0,,0,,,
Rînd. 2100 col.2,dec/DataSet/Data/CAP2_R2100_C2,,,numeric,textfield,,,0,0,0,0,0,0,0,391,0,,,,table number,0,0,15,0,,0,,,
Rînd. 2100 col.3,dec/DataSet/Data/CAP2_R2100_C3,,,numeric,textfield,,,0,0,0,0,0,0,0,392,0,,,,table number,0,0,15,0,,0,,,
Rînd. 2100 col.4,dec/DataSet/Data/CAP2_R2100_C4,,,numeric,textfield,,,0,0,0,0,0,0,0,393,0,,,,table number,0,0,15,0,,0,,,
Rînd. 2101 col.1,dec/DataSet/Data/CAP2_R2101_C1,,,numeric,textfield,,,0,0,0,0,0,0,0,394,0,,,,table number,0,0,15,0,,0,,,
Rînd. 2101 col.2,dec/DataSet/Data/CAP2_R2101_C2,,,numeric,textfield,,,0,0,0,0,0,0,0,395,0,,,,table number,0,0,15,0,,0,,,
Rînd. 2101 col.3,dec/DataSet/Data/CAP2_R2101_C3,,,numeric,textfield,,,0,0,0,0,0,0,0,396,0,,,,table number,0,0,15,0,,0,,,
Rînd. 2101 col.4,dec/DataSet/Data/CAP2_R2101_C4,,,numeric,textfield,,,0,0,0,0,0,0,0,397,0,,,,table number,0,0,15,0,,0,,,
Rînd. 2102 col.1,dec/DataSet/Data/CAP2_R2102_C1,,,numeric,textfield,,,0,0,0,0,0,0,0,398,0,,,,table number,0,0,15,0,,0,,,
Rînd. 2102 col.2,dec/DataSet/Data/CAP2_R2102_C2,,,numeric,textfield,,,0,0,0,0,0,0,0,399,0,,,,table number,0,0,15,0,,0,,,
Rînd. 2102 col.3,dec/DataSet/Data/CAP2_R2102_C3,,,numeric,textfield,,,0,0,0,0,0,0,0,400,0,,,,table number,0,0,15,0,,0,,,
Rînd. 2102 col.4,dec/DataSet/Data/CAP2_R2102_C4,,,numeric,textfield,,,0,0,0,0,0,0,0,401,0,,,,table number,0,0,15,0,,0,,,
Rînd. 2103 col.1,dec/DataSet/Data/CAP2_R2103_C1,,,numeric,textfield,,,0,0,0,0,0,0,0,402,0,,,,table number,0,0,15,0,,0,,,
Rînd. 2103 col.2,dec/DataSet/Data/CAP2_R2103_C2,,,numeric,textfield,,,0,0,0,0,0,0,0,403,0,,,,table number,0,0,15,0,,0,,,
Rînd. 2103 col.3,dec/DataSet/Data/CAP2_R2103_C3,,,numeric,textfield,,,0,0,0,0,0,0,0,404,0,,,,table number,0,0,15,0,,0,,,
Rînd. 2103 col.4,dec/DataSet/Data/CAP2_R2103_C4,,,numeric,textfield,,,0,0,0,0,0,0,0,405,0,,,,table number,0,0,15,0,,0,,,
Rînd. 2104 col.1,dec/DataSet/Data/CAP2_R2104_C1,,,numeric,textfield,,,0,0,0,0,0,0,0,406,0,,,,table number,0,0,15,0,,0,,,
Rînd. 2104 col.2,dec/DataSet/Data/CAP2_R2104_C2,,,numeric,textfield,,,0,0,0,0,0,0,0,407,0,,,,table number,0,0,15,0,,0,,,
Rînd. 2104 col.3,dec/DataSet/Data/CAP2_R2104_C3,,,numeric,textfield,,,0,0,0,0,0,0,0,408,0,,,,table number,0,0,15,0,,0,,,
Rînd. 2104 col.4,dec/DataSet/Data/CAP2_R2104_C4,,,numeric,textfield,,,0,0,0,0,0,0,0,409,0,,,,table number,0,0,15,0,,0,,,
Rînd. 2110 col.1,dec/DataSet/Data/CAP2_R2110_C1,,,numeric,textfield,,,0,0,0,0,0,0,0,410,0,,,,table number,0,0,15,0,,0,,,
Rînd. 2110 col.2,dec/DataSet/Data/CAP2_R2110_C2,,,numeric,textfield,,,0,0,0,0,0,0,0,411,0,,,,table number,0,0,15,0,,0,,,
Rînd. 2110 col.3,dec/DataSet/Data/CAP2_R2110_C3,,,numeric,textfield,,,0,0,0,0,0,0,0,412,0,,,,table number,0,0,15,0,,0,,,
Rînd. 2110 col.4,dec/DataSet/Data/CAP2_R2110_C4,,,numeric,textfield,,,0,0,0,0,0,0,0,413,0,,,,table number,0,0,15,0,,0,,,
Rînd. 2111 col.1,dec/DataSet/Data/CAP2_R2111_C1,,,numeric,textfield,,,0,0,0,0,0,0,0,414,0,,,,table number,0,0,15,0,,0,,,
Rînd. 2111 col.2,dec/DataSet/Data/CAP2_R2111_C2,,,numeric,textfield,,,0,0,0,0,0,0,0,415,0,,,,table number,0,0,15,0,,0,,,
Rînd. 2111 col.3,dec/DataSet/Data/CAP2_R2111_C3,,,numeric,textfield,,,0,0,0,0,0,0,0,416,0,,,,table number,0,0,15,0,,0,,,
Rînd. 2111 col.4,dec/DataSet/Data/CAP2_R2111_C4,,,numeric,textfield,,,0,0,0,0,0,0,0,417,0,,,,table number,0,0,15,0,,0,,,
Rînd. 2112 col.1,dec/DataSet/Data/CAP2_R2112_C1,,,numeric,textfield,,,0,0,0,0,0,0,0,418,0,,,,table number,0,0,15,0,,0,,,
Rînd. 2112 col.2,dec/DataSet/Data/CAP2_R2112_C2,,,numeric,textfield,,,0,0,0,0,0,0,0,419,0,,,,table number,0,0,15,0,,0,,,
Rînd. 2112 col.3,dec/DataSet/Data/CAP2_R2112_C3,,,numeric,textfield,,,0,0,0,0,0,0,0,420,0,,,,table number,0,0,15,0,,0,,,
Rînd. 2112 col.4,dec/DataSet/Data/CAP2_R2112_C4,,,numeric,textfield,,,0,0,0,0,0,0,0,421,0,,,,table number,0,0,15,0,,0,,,
Rînd. 2113 col.1,dec/DataSet/Data/CAP2_R2113_C1,,,numeric,textfield,,,0,0,0,0,0,0,0,422,0,,,,table number,0,0,15,0,,0,,,
Rînd. 2113 col.2,dec/DataSet/Data/CAP2_R2113_C2,,,numeric,textfield,,,0,0,0,0,0,0,0,423,0,,,,table number,0,0,15,0,,0,,,
Rînd. 2113 col.3,dec/DataSet/Data/CAP2_R2113_C3,,,numeric,textfield,,,0,0,0,0,0,0,0,424,0,,,,table number,0,0,15,0,,0,,,
Rînd. 2113 col.4,dec/DataSet/Data/CAP2_R2113_C4,,,numeric,textfield,,,0,0,0,0,0,0,0,425,0,,,,table number,0,0,15,0,,0,,,
Rînd. 2114 col.1,dec/DataSet/Data/CAP2_R2114_C1,,,numeric,textfield,,,0,0,0,0,0,0,0,426,0,,,,table number,0,0,15,0,,0,,,
Rînd. 2114 col.2,dec/DataSet/Data/CAP2_R2114_C2,,,numeric,textfield,,,0,0,0,0,0,0,0,427,0,,,,table number,0,0,15,0,,0,,,
Rînd. 2114 col.3,dec/DataSet/Data/CAP2_R2114_C3,,,numeric,textfield,,,0,0,0,0,0,0,0,428,0,,,,table number,0,0,15,0,,0,,,
Rînd. 2114 col.4,dec/DataSet/Data/CAP2_R2114_C4,,,numeric,textfield,,,0,0,0,0,0,0,0,429,0,,,,table number,0,0,15,0,,0,,,
Rînd. 2115 col.1,dec/DataSet/Data/CAP2_R2115_C1,,,numeric,textfield,,,0,0,0,0,0,0,0,430,0,,,,table number,0,0,15,0,,0,,,
Rînd. 2115 col.2,dec/DataSet/Data/CAP2_R2115_C2,,,numeric,textfield,,,0,0,0,0,0,0,0,431,0,,,,table number,0,0,15,0,,0,,,
Rînd. 2115 col.3,dec/DataSet/Data/CAP2_R2115_C3,,,numeric,textfield,,,0,0,0,0,0,0,0,432,0,,,,table number,0,0,15,0,,0,,,
Rînd. 2115 col.4,dec/DataSet/Data/CAP2_R2115_C4,,,numeric,textfield,,,0,0,0,0,0,0,0,433,0,,,,table number,0,0,15,0,,0,,,
Rînd. 2116 col.1,dec/DataSet/Data/CAP2_R2116_C1,,,numeric,textfield,,,0,0,0,0,0,0,0,434,0,,,,table number,0,0,15,0,,0,,,
Rînd. 2116 col.2,dec/DataSet/Data/CAP2_R2116_C2,,,numeric,textfield,,,0,0,0,0,0,0,0,435,0,,,,table number,0,0,15,0,,0,,,
Rînd. 2116 col.3,dec/DataSet/Data/CAP2_R2116_C3,,,numeric,textfield,,,0,0,0,0,0,0,0,436,0,,,,table number,0,0,15,0,,0,,,
Rînd. 2116 col.4,dec/DataSet/Data/CAP2_R2116_C4,,,numeric,textfield,,,0,0,0,0,0,0,0,437,0,,,,table number,0,0,15,0,,0,,,
Rînd. 2120 col.1,dec/DataSet/Data/CAP2_R2120_C1,,,numeric,textfield,,,0,0,0,0,0,0,0,438,0,,,,table number,0,0,15,0,,0,,,
Rînd. 2120 col.2,dec/DataSet/Data/CAP2_R2120_C2,,,numeric,textfield,,,0,0,0,0,0,0,0,439,0,,,,table number,0,0,15,0,,0,,,
Rînd. 2120 col.3,dec/DataSet/Data/CAP2_R2120_C3,,,numeric,textfield,,,0,0,0,0,0,0,0,440,0,,,,table number,0,0,15,0,,0,,,
Rînd. 2120 col.4,dec/DataSet/Data/CAP2_R2120_C4,,,numeric,textfield,,,0,0,0,0,0,0,0,441,0,,,,table number,0,0,15,0,,0,,,
Rînd. 2121 col.1,dec/DataSet/Data/CAP2_R2121_C1,,,numeric,textfield,,,0,0,0,0,0,0,0,442,0,,,,table number,0,0,15,0,,0,,,
Rînd. 2121 col.2,dec/DataSet/Data/CAP2_R2121_C2,,,numeric,textfield,,,0,0,0,0,0,0,0,443,0,,,,table number,0,0,15,0,,0,,,
Rînd. 2121 col.3,dec/DataSet/Data/CAP2_R2121_C3,,,numeric,textfield,,,0,0,0,0,0,0,0,444,0,,,,table number,0,0,15,0,,0,,,
Rînd. 2121 col.4,dec/DataSet/Data/CAP2_R2121_C4,,,numeric,textfield,,,0,0,0,0,0,0,0,445,0,,,,table number,0,0,15,0,,0,,,
Rînd. 2200 col.1,dec/DataSet/Data/CAP2_R2200_C1,,,numeric,textfield,,,0,0,0,0,0,0,0,446,0,,,,table number,0,0,15,0,,0,,,
Rînd. 2200 col.2,dec/DataSet/Data/CAP2_R2200_C2,,,numeric,textfield,,,0,0,0,0,0,0,0,447,0,,,,table number,0,0,15,0,,0,,,
Rînd. 2200 col.3,dec/DataSet/Data/CAP2_R2200_C3,,,numeric,textfield,,,0,0,0,0,0,0,0,448,0,,,,table number,0,0,15,0,,0,,,
Rînd. 2200 col.4,dec/DataSet/Data/CAP2_R2200_C4,,,numeric,textfield,,,0,0,0,0,0,0,0,449,0,,,,table number,0,0,15,0,,0,,,
Rînd. 2201 col.1,dec/DataSet/Data/CAP2_R2201_C1,,,numeric,textfield,,,0,0,0,0,0,0,0,450,0,,,,table number,0,0,15,0,,0,,,
Rînd. 2201 col.2,dec/DataSet/Data/CAP2_R2201_C2,,,numeric,textfield,,,0,0,0,0,0,0,0,451,0,,,,table number,0,0,15,0,,0,,,
Rînd. 2201 col.3,dec/DataSet/Data/CAP2_R2201_C3,,,numeric,textfield,,,0,0,0,0,0,0,0,452,0,,,,table number,0,0,15,0,,0,,,
Rînd. 2201 col.4,dec/DataSet/Data/CAP2_R2201_C4,,,numeric,textfield,,,0,0,0,0,0,0,0,453,0,,,,table number,0,0,15,0,,0,,,
Rînd. 2202 col.1,dec/DataSet/Data/CAP2_R2202_C1,,,numeric,textfield,,,0,0,0,0,0,0,0,454,0,,,,table number,0,0,15,0,,0,,,
Rînd. 2202 col.2,dec/DataSet/Data/CAP2_R2202_C2,,,numeric,textfield,,,0,0,0,0,0,0,0,455,0,,,,table number,0,0,15,0,,0,,,
Rînd. 2202 col.3,dec/DataSet/Data/CAP2_R2202_C3,,,numeric,textfield,,,0,0,0,0,0,0,0,456,0,,,,table number,0,0,15,0,,0,,,
Rînd. 2202 col.4,dec/DataSet/Data/CAP2_R2202_C4,,,numeric,textfield,,,0,0,0,0,0,0,0,457,0,,,,table number,0,0,15,0,,0,,,
Rînd. 2203 col.1,dec/DataSet/Data/CAP2_R2203_C1,,,numeric,textfield,,,0,0,0,0,0,0,0,458,0,,,,table number,0,0,15,0,,0,,,
Rînd. 2203 col.2,dec/DataSet/Data/CAP2_R2203_C2,,,numeric,textfield,,,0,0,0,0,0,0,0,459,0,,,,table number,0,0,15,0,,0,,,
Rînd. 2203 col.3,dec/DataSet/Data/CAP2_R2203_C3,,,numeric,textfield,,,0,0,0,0,0,0,0,460,0,,,,table number,0,0,15,0,,0,,,
Rînd. 2203 col.4,dec/DataSet/Data/CAP2_R2203_C4,,,numeric,textfield,,,0,0,0,0,0,0,0,461,0,,,,table number,0,0,15,0,,0,,,
Rînd. 2204 col.1,dec/DataSet/Data/CAP2_R2204_C1,,,numeric,textfield,,,0,0,0,0,0,0,0,462,0,,,,table number,0,0,15,0,,0,,,
Rînd. 2204 col.2,dec/DataSet/Data/CAP2_R2204_C2,,,numeric,textfield,,,0,0,0,0,0,0,0,463,0,,,,table number,0,0,15,0,,0,,,
Rînd. 2204 col.3,dec/DataSet/Data/CAP2_R2204_C3,,,numeric,textfield,,,0,0,0,0,0,0,0,464,0,,,,table number,0,0,15,0,,0,,,
Rînd. 2204 col.4,dec/DataSet/Data/CAP2_R2204_C4,,,numeric,textfield,,,0,0,0,0,0,0,0,465,0,,,,table number,0,0,15,0,,0,,,
Rînd. 2205 col.1,dec/DataSet/Data/CAP2_R2205_C1,,,numeric,textfield,,,0,0,0,0,0,0,0,466,0,,,,table number,0,0,15,0,,0,,,
Rînd. 2205 col.2,dec/DataSet/Data/CAP2_R2205_C2,,,numeric,textfield,,,0,0,0,0,0,0,0,467,0,,,,table number,0,0,15,0,,0,,,
Rînd. 2205 col.3,dec/DataSet/Data/CAP2_R2205_C3,,,numeric,textfield,,,0,0,0,0,0,0,0,468,0,,,,table number,0,0,15,0,,0,,,
Rînd. 2205 col.4,dec/DataSet/Data/CAP2_R2205_C4,,,numeric,textfield,,,0,0,0,0,0,0,0,469,0,,,,table number,0,0,15,0,,0,,,
Rînd. 2206 col.1,dec/DataSet/Data/CAP2_R2206_C1,,,numeric,textfield,,,0,0,0,0,0,0,0,470,0,,,,table number,0,0,15,0,,0,,,
Rînd. 2206 col.2,dec/DataSet/Data/CAP2_R2206_C2,,,numeric,textfield,,,0,0,0,0,0,0,0,471,0,,,,table number,0,0,15,0,,0,,,
Rînd. 2206 col.3,dec/DataSet/Data/CAP2_R2206_C3,,,numeric,textfield,,,0,0,0,0,0,0,0,472,0,,,,table number,0,0,15,0,,0,,,
Rînd. 2206 col.4,dec/DataSet/Data/CAP2_R2206_C4,,,numeric,textfield,,,0,0,0,0,0,0,0,473,0,,,,table number,0,0,15,0,,0,,,
Rînd. 2207 col.1,dec/DataSet/Data/CAP2_R2207_C1,,,numeric,textfield,,,0,0,0,0,0,0,0,474,0,,,,table number,0,0,15,0,,0,,,
Rînd. 2207 col.2,dec/DataSet/Data/CAP2_R2207_C2,,,numeric,textfield,,,0,0,0,0,0,0,0,475,0,,,,table number,0,0,15,0,,0,,,
Rînd. 2207 col.3,dec/DataSet/Data/CAP2_R2207_C3,,,numeric,textfield,,,0,0,0,0,0,0,0,476,0,,,,table number,0,0,15,0,,0,,,
Rînd. 2207 col.4,dec/DataSet/Data/CAP2_R2207_C4,,,numeric,textfield,,,0,0,0,0,0,0,0,477,0,,,,table number,0,0,15,0,,0,,,
Rînd. 2208 col.1,dec/DataSet/Data/CAP2_R2208_C1,,,numeric,textfield,,,0,0,0,0,0,0,0,478,0,,,,table number,0,0,15,0,,0,,,
Rînd. 2208 col.2,dec/DataSet/Data/CAP2_R2208_C2,,,numeric,textfield,,,0,0,0,0,0,0,0,479,0,,,,table number,0,0,15,0,,0,,,
Rînd. 2208 col.3,dec/DataSet/Data/CAP2_R2208_C3,,,numeric,textfield,,,0,0,0,0,0,0,0,480,0,,,,table number,0,0,15,0,,0,,,
Rînd. 2208 col.4,dec/DataSet/Data/CAP2_R2208_C4,,,numeric,textfield,,,0,0,0,0,0,0,0,481,0,,,,table number,0,0,15,0,,0,,,
Rînd. 2209 col.1,dec/DataSet/Data/CAP2_R2209_C1,,,numeric,textfield,,,0,0,0,0,0,0,0,482,0,,,,table number,0,0,15,0,,0,,,
Rînd. 2209 col.2,dec/DataSet/Data/CAP2_R2209_C2,,,numeric,textfield,,,0,0,0,0,0,0,0,483,0,,,,table number,0,0,15,0,,0,,,
Rînd. 2209 col.3,dec/DataSet/Data/CAP2_R2209_C3,,,numeric,textfield,,,0,0,0,0,0,0,0,484,0,,,,table number,0,0,15,0,,0,,,
Rînd. 2209 col.4,dec/DataSet/Data/CAP2_R2209_C4,,,numeric,textfield,,,0,0,0,0,0,0,0,485,0,,,,table number,0,0,15,0,,0,,,
Rînd. 2300 col.1,dec/DataSet/Data/CAP2_R2300_C1,,,numeric,textfield,,,0,0,0,0,0,0,0,486,0,,,,table number,0,0,15,0,,0,,,
Rînd. 2300 col.2,dec/DataSet/Data/CAP2_R2300_C2,,,numeric,textfield,,,0,0,0,0,0,0,0,487,0,,,,table number,0,0,15,0,,0,,,
Rînd. 2300 col.3,dec/DataSet/Data/CAP2_R2300_C3,,,numeric,textfield,,,0,0,0,0,0,0,0,488,0,,,,table number,0,0,15,0,,0,,,
Rînd. 2300 col.4,dec/DataSet/Data/CAP2_R2300_C4,,,numeric,textfield,,,0,0,0,0,0,0,0,489,0,,,,table number,0,0,15,0,,0,,,
Rînd. 2301 col.1,dec/DataSet/Data/CAP2_R2301_C1,,,numeric,textfield,,,0,0,0,0,0,0,0,490,0,,,,table number,0,0,15,0,,0,,,
Rînd. 2301 col.2,dec/DataSet/Data/CAP2_R2301_C2,,,numeric,textfield,,,0,0,0,0,0,0,0,491,0,,,,table number,0,0,15,0,,0,,,
Rînd. 2301 col.3,dec/DataSet/Data/CAP2_R2301_C3,,,numeric,textfield,,,0,0,0,0,0,0,0,492,0,,,,table number,0,0,15,0,,0,,,
Rînd. 2301 col.4,dec/DataSet/Data/CAP2_R2301_C4,,,numeric,textfield,,,0,0,0,0,0,0,0,493,0,,,,table number,0,0,15,0,,0,,,
Rînd. 2302 col.1,dec/DataSet/Data/CAP2_R2302_C1,,,numeric,textfield,,,0,0,0,0,0,0,0,494,0,,,,table number,0,0,15,0,,0,,,
Rînd. 2302 col.2,dec/DataSet/Data/CAP2_R2302_C2,,,numeric,textfield,,,0,0,0,0,0,0,0,495,0,,,,table number,0,0,15,0,,0,,,
Rînd. 2302 col.3,dec/DataSet/Data/CAP2_R2302_C3,,,numeric,textfield,,,0,0,0,0,0,0,0,496,0,,,,table number,0,0,15,0,,0,,,
Rînd. 2302 col.4,dec/DataSet/Data/CAP2_R2302_C4,,,numeric,textfield,,,0,0,0,0,0,0,0,497,0,,,,table number,0,0,15,0,,0,,,
Rînd. 2500 col.1,dec/DataSet/Data/CAP3_R2500_C1,,,numeric,textfield,,,0,0,0,0,0,0,0,498,0,,,,table number,0,0,15,0,,0,,,
Rînd. 1101 col.1,dec/DataSet/Data/CAP/CAP_R[line]/CAP1_R1101_C1_FILIAL,CAP,,numeric,textfield,,,0,0,0,0,0,0,0,501,0,,,,table number,0,0,15,0,,0,,,
Rînd. 1102 col.1,dec/DataSet/Data/CAP/CAP_R[line]/CAP1_R1102_C1_FILIAL,CAP,,numeric,textfield,,,0,0,0,0,0,0,0,502,0,,,,table number,0,0,15,0,,0,,,
Rînd. 1103 col.1,dec/DataSet/Data/CAP/CAP_R[line]/CAP1_R1103_C1_FILIAL,CAP,,numeric,textfield,,,0,0,0,0,0,0,0,503,0,,,,table number,0,0,15,0,,0,,,
Rînd. 1103 col.2,dec/DataSet/Data/CAP/CAP_R[line]/CAP1_R1103_C2_FILIAL,CAP,,numeric,textfield,,,0,0,0,0,0,0,0,504,0,,,,table number,0,0,15,0,,0,,,
Rînd. 1103 col.3,dec/DataSet/Data/CAP/CAP_R[line]/CAP1_R1103_C3_FILIAL,CAP,,numeric,textfield,,,0,0,0,0,0,0,0,505,0,,,,table number,0,0,15,0,,0,,,
Rînd. 1103 col.4,dec/DataSet/Data/CAP/CAP_R[line]/CAP1_R1103_C4_FILIAL,CAP,,numeric,textfield,,,0,0,0,0,0,0,0,506,0,,,,table number,0,0,15,0,,0,,,
Rînd. 1103 col.5,dec/DataSet/Data/CAP/CAP_R[line]/CAP1_R1103_C5_FILIAL,CAP,,numeric,textfield,,,0,0,0,0,0,0,0,507,0,,,,table number,0,0,15,0,,0,,,
Rînd. 1104 col.1,dec/DataSet/Data/CAP/CAP_R[line]/CAP1_R1104_C1_FILIAL,CAP,,numeric,textfield,,,0,0,0,0,0,0,0,508,0,,,,table number,0,0,15,0,,0,,,
Rînd. 1104 col.2,dec/DataSet/Data/CAP/CAP_R[line]/CAP1_R1104_C2_FILIAL,CAP,,numeric,textfield,,,0,0,0,0,0,0,0,509,0,,,,table number,0,0,15,0,,0,,,
Rînd. 1104 col.3,dec/DataSet/Data/CAP/CAP_R[line]/CAP1_R1104_C3_FILIAL,CAP,,numeric,textfield,,,0,0,0,0,0,0,0,510,0,,,,table number,0,0,15,0,,0,,,
Rînd. 1104 col.4,dec/DataSet/Data/CAP/CAP_R[line]/CAP1_R1104_C4_FILIAL,CAP,,numeric,textfield,,,0,0,0,0,0,0,0,511,0,,,,table number,0,0,15,0,,0,,,
Rînd. 1104 col.5,dec/DataSet/Data/CAP/CAP_R[line]/CAP1_R1104_C5_FILIAL,CAP,,numeric,textfield,,,0,0,0,0,0,0,0,512,0,,,,table number,0,0,15,0,,0,,,
Rînd. 1105 col.1,dec/DataSet/Data/CAP/CAP_R[line]/CAP1_R1105_C1_FILIAL,CAP,,numeric,textfield,,,0,0,0,0,0,0,0,513,0,,,,table number,0,0,15,0,,0,,,
Rînd. 1105 col.2,dec/DataSet/Data/CAP/CAP_R[line]/CAP1_R1105_C2_FILIAL,CAP,,numeric,textfield,,,0,0,0,0,0,0,0,514,0,,,,table number,0,0,15,0,,0,,,
Rînd. 1105 col.3,dec/DataSet/Data/CAP/CAP_R[line]/CAP1_R1105_C3_FILIAL,CAP,,numeric,textfield,,,0,0,0,0,0,0,0,515,0,,,,table number,0,0,15,0,,0,,,
Rînd. 1105 col.4,dec/DataSet/Data/CAP/CAP_R[line]/CAP1_R1105_C4_FILIAL,CAP,,numeric,textfield,,,0,0,0,0,0,0,0,516,0,,,,table number,0,0,15,0,,0,,,
Rînd. 1105 col.5,dec/DataSet/Data/CAP/CAP_R[line]/CAP1_R1105_C5_FILIAL,CAP,,numeric,textfield,,,0,0,0,0,0,0,0,517,0,,,,table number,0,0,15,0,,0,,,
Rînd. 1106 col.1,dec/DataSet/Data/CAP/CAP_R[line]/CAP1_R1106_C1_FILIAL,CAP,,numeric,textfield,,,0,0,0,0,0,0,0,518,0,,,,table number,0,0,15,0,,0,,,
Rînd. 1106 col.2,dec/DataSet/Data/CAP/CAP_R[line]/CAP1_R1106_C2_FILIAL,CAP,,numeric,textfield,,,0,0,0,0,0,0,0,519,0,,,,table number,0,0,15,0,,0,,,
Rînd. 1106 col.3,dec/DataSet/Data/CAP/CAP_R[line]/CAP1_R1106_C3_FILIAL,CAP,,numeric,textfield,,,0,0,0,0,0,0,0,520,0,,,,table number,0,0,15,0,,0,,,
Rînd. 1106 col.4,dec/DataSet/Data/CAP/CAP_R[line]/CAP1_R1106_C4_FILIAL,CAP,,numeric,textfield,,,0,0,0,0,0,0,0,521,0,,,,table number,0,0,15,0,,0,,,
Rînd. 1106 col.5,dec/DataSet/Data/CAP/CAP_R[line]/CAP1_R1106_C5_FILIAL,CAP,,numeric,textfield,,,0,0,0,0,0,0,0,522,0,,,,table number,0,0,15,0,,0,,,
Rînd. 1107 col.1,dec/DataSet/Data/CAP/CAP_R[line]/CAP1_R1107_C1_FILIAL,CAP,,numeric,textfield,,,0,0,0,0,0,0,0,523,0,,,,table number,0,0,15,0,,0,,,
Rînd. 1107 col.2,dec/DataSet/Data/CAP/CAP_R[line]/CAP1_R1107_C2_FILIAL,CAP,,numeric,textfield,,,0,0,0,0,0,0,0,524,0,,,,table number,0,0,15,0,,0,,,
Rînd. 1107 col.3,dec/DataSet/Data/CAP/CAP_R[line]/CAP1_R1107_C3_FILIAL,CAP,,numeric,textfield,,,0,0,0,0,0,0,0,525,0,,,,table number,0,0,15,0,,0,,,
Rînd. 1107 col.4,dec/DataSet/Data/CAP/CAP_R[line]/CAP1_R1107_C4_FILIAL,CAP,,numeric,textfield,,,0,0,0,0,0,0,0,526,0,,,,table number,0,0,15,0,,0,,,
Rînd. 1107 col.5,dec/DataSet/Data/CAP/CAP_R[line]/CAP1_R1107_C5_FILIAL,CAP,,numeric,textfield,,,0,0,0,0,0,0,0,527,0,,,,table number,0,0,15,0,,0,,,
Rînd. 1112 col.1,dec/DataSet/Data/CAP/CAP_R[line]/CAP1_R1112_C1_FILIAL,CAP,,numeric,textfield,,,0,0,0,0,0,0,0,533,0,,,,table number,0,0,15,0,,0,,,
Rînd. 1112 col.2,dec/DataSet/Data/CAP/CAP_R[line]/CAP1_R1112_C2_FILIAL,CAP,,numeric,textfield,,,0,0,0,0,0,0,0,534,0,,,,table number,0,0,15,0,,0,,,
Rînd. 1112 col.3,dec/DataSet/Data/CAP/CAP_R[line]/CAP1_R1112_C3_FILIAL,CAP,,numeric,textfield,,,0,0,0,0,0,0,0,535,0,,,,table number,0,0,15,0,,0,,,
Rînd. 1112 col.4,dec/DataSet/Data/CAP/CAP_R[line]/CAP1_R1112_C4_FILIAL,CAP,,numeric,textfield,,,0,0,0,0,0,0,0,536,0,,,,table number,0,0,15,0,,0,,,
Rînd. 1112 col.5,dec/DataSet/Data/CAP/CAP_R[line]/CAP1_R1112_C5_FILIAL,CAP,,numeric,textfield,,,0,0,0,0,0,0,0,537,0,,,,table number,0,0,15,0,,0,,,
Rînd. 1113 col.1,dec/DataSet/Data/CAP/CAP_R[line]/CAP1_R1113_C1_FILIAL,CAP,,numeric,textfield,,,0,0,0,0,0,0,0,538,0,,,,table number,0,0,15,0,,0,,,
Rînd. 1113 col.2,dec/DataSet/Data/CAP/CAP_R[line]/CAP1_R1113_C2_FILIAL,CAP,,numeric,textfield,,,0,0,0,0,0,0,0,539,0,,,,table number,0,0,15,0,,0,,,
Rînd. 1113 col.3,dec/DataSet/Data/CAP/CAP_R[line]/CAP1_R1113_C3_FILIAL,CAP,,numeric,textfield,,,0,0,0,0,0,0,0,540,0,,,,table number,0,0,15,0,,0,,,
Rînd. 1113 col.4,dec/DataSet/Data/CAP/CAP_R[line]/CAP1_R1113_C4_FILIAL,CAP,,numeric,textfield,,,0,0,0,0,0,0,0,541,0,,,,table number,0,0,15,0,,0,,,
Rînd. 1113 col.5,dec/DataSet/Data/CAP/CAP_R[line]/CAP1_R1113_C5_FILIAL,CAP,,numeric,textfield,,,0,0,0,0,0,0,0,542,0,,,,table number,0,0,15,0,,0,,,
Rînd. 1115 col.1,dec/DataSet/Data/CAP/CAP_R[line]/CAP1_R1115_C1_FILIAL,CAP,,numeric,textfield,,,0,0,0,0,0,0,0,543,0,,,,table number,0,0,15,0,,0,,,
Rînd. 1115 col.2,dec/DataSet/Data/CAP/CAP_R[line]/CAP1_R1115_C2_FILIAL,CAP,,numeric,textfield,,,0,0,0,0,0,0,0,544,0,,,,table number,0,0,15,0,,0,,,
Rînd. 1115 col.3,dec/DataSet/Data/CAP/CAP_R[line]/CAP1_R1115_C3_FILIAL,CAP,,numeric,textfield,,,0,0,0,0,0,0,0,545,0,,,,table number,0,0,15,0,,0,,,
Rînd. 1115 col.4,dec/DataSet/Data/CAP/CAP_R[line]/CAP1_R1115_C4_FILIAL,CAP,,numeric,textfield,,,0,0,0,0,0,0,0,546,0,,,,table number,0,0,15,0,,0,,,
Rînd. 1115 col.5,dec/DataSet/Data/CAP/CAP_R[line]/CAP1_R1115_C5_FILIAL,CAP,,numeric,textfield,,,0,0,0,0,0,0,0,547,0,,,,table number,0,0,15,0,,0,,,
Rînd. 1116 col.1,dec/DataSet/Data/CAP/CAP_R[line]/CAP1_R1116_C1_FILIAL,CAP,,numeric,textfield,,,0,0,0,0,0,0,0,548,0,,,,table number,0,0,15,0,,0,,,
Rînd. 1116 col.2,dec/DataSet/Data/CAP/CAP_R[line]/CAP1_R1116_C2_FILIAL,CAP,,numeric,textfield,,,0,0,0,0,0,0,0,549,0,,,,table number,0,0,15,0,,0,,,
Rînd. 1116 col.3,dec/DataSet/Data/CAP/CAP_R[line]/CAP1_R1116_C3_FILIAL,CAP,,numeric,textfield,,,0,0,0,0,0,0,0,550,0,,,,table number,0,0,15,0,,0,,,
Rînd. 1116 col.5,dec/DataSet/Data/CAP/CAP_R[line]/CAP1_R1116_C5_FILIAL,CAP,,numeric,textfield,,,0,0,0,0,0,0,0,551,0,,,,table number,0,0,15,0,,0,,,
Rînd. 1117 col.1,dec/DataSet/Data/CAP/CAP_R[line]/CAP1_R1117_C1_FILIAL,CAP,,numeric,textfield,,,0,0,0,0,0,0,0,552,0,,,,table number,0,0,15,0,,0,,,
Rînd. 1117 col.2,dec/DataSet/Data/CAP/CAP_R[line]/CAP1_R1117_C2_FILIAL,CAP,,numeric,textfield,,,0,0,0,0,0,0,0,553,0,,,,table number,0,0,15,0,,0,,,
Rînd. 1117 col.3,dec/DataSet/Data/CAP/CAP_R[line]/CAP1_R1117_C3_FILIAL,CAP,,numeric,textfield,,,0,0,0,0,0,0,0,554,0,,,,table number,0,0,15,0,,0,,,
Rînd. 1117 col.4,dec/DataSet/Data/CAP/CAP_R[line]/CAP1_R1117_C4_FILIAL,CAP,,numeric,textfield,,,0,0,0,0,0,0,0,555,0,,,,table number,0,0,15,0,,0,,,
Rînd. 1117 col.5,dec/DataSet/Data/CAP/CAP_R[line]/CAP1_R1117_C5_FILIAL,CAP,,numeric,textfield,,,0,0,0,0,0,0,0,556,0,,,,table number,0,0,15,0,,0,,,
Rînd. 1119 col.1,dec/DataSet/Data/CAP/CAP_R[line]/CAP1_R1119_C1_FILIAL,CAP,,numeric,textfield,,,0,0,0,0,0,0,0,557,0,,,,table number,0,0,15,0,,0,,,
Rînd. 1119 col.2,dec/DataSet/Data/CAP/CAP_R[line]/CAP1_R1119_C2_FILIAL,CAP,,numeric,textfield,,,0,0,0,0,0,0,0,558,0,,,,table number,0,0,15,0,,0,,,
Rînd. 1119 col.3,dec/DataSet/Data/CAP/CAP_R[line]/CAP1_R1119_C3_FILIAL,CAP,,numeric,textfield,,,0,0,0,0,0,0,0,559,0,,,,table number,0,0,15,0,,0,,,
Rînd. 1119 col.4,dec/DataSet/Data/CAP/CAP_R[line]/CAP1_R1119_C4_FILIAL,CAP,,numeric,textfield,,,0,0,0,0,0,0,0,560,0,,,,table number,0,0,15,0,,0,,,
Rînd. 1121 col.1,dec/DataSet/Data/CAP/CAP_R[line]/CAP1_R1121_C1_FILIAL,CAP,,numeric,textfield,,,0,0,0,0,0,0,0,566,0,,,,table number,0,0,15,0,,0,,,
Rînd. 1121 col.2,dec/DataSet/Data/CAP/CAP_R[line]/CAP1_R1121_C2_FILIAL,CAP,,numeric,textfield,,,0,0,0,0,0,0,0,567,0,,,,table number,0,0,15,0,,0,,,
Rînd. 1121 col.3,dec/DataSet/Data/CAP/CAP_R[line]/CAP1_R1121_C3_FILIAL,CAP,,numeric,textfield,,,0,0,0,0,0,0,0,568,0,,,,table number,0,0,15,0,,0,,,
Rînd. 1121 col.4,dec/DataSet/Data/CAP/CAP_R[line]/CAP1_R1121_C4_FILIAL,CAP,,numeric,textfield,,,0,0,0,0,0,0,0,569,0,,,,table number,0,0,15,0,,0,,,
Rînd. 1121 col.5,dec/DataSet/Data/CAP/CAP_R[line]/CAP1_R1121_C5_FILIAL,CAP,,numeric,textfield,,,0,0,0,0,0,0,0,570,0,,,,table number,0,0,15,0,,0,,,
Rînd. 1123 col.1,dec/DataSet/Data/CAP/CAP_R[line]/CAP1_R1123_C1_FILIAL,CAP,,numeric,textfield,,,0,0,0,0,0,0,0,571,0,,,,table number,0,0,15,0,,0,,,
Rînd. 1123 col.2,dec/DataSet/Data/CAP/CAP_R[line]/CAP1_R1123_C2_FILIAL,CAP,,numeric,textfield,,,0,0,0,0,0,0,0,572,0,,,,table number,0,0,15,0,,0,,,
Rînd. 1123 col.3,dec/DataSet/Data/CAP/CAP_R[line]/CAP1_R1123_C3_FILIAL,CAP,,numeric,textfield,,,0,0,0,0,0,0,0,573,0,,,,table number,0,0,15,0,,0,,,
Rînd. 1123 col.4,dec/DataSet/Data/CAP/CAP_R[line]/CAP1_R1123_C4_FILIAL,CAP,,numeric,textfield,,,0,0,0,0,0,0,0,574,0,,,,table number,0,0,15,0,,0,,,
Rînd. 1123 col.5,dec/DataSet/Data/CAP/CAP_R[line]/CAP1_R1123_C5_FILIAL,CAP,,numeric,textfield,,,0,0,0,0,0,0,0,575,0,,,,table number,0,0,15,0,,0,,,
Rînd. 1124 col.1,dec/DataSet/Data/CAP/CAP_R[line]/CAP1_R1124_C1_FILIAL,CAP,,numeric,textfield,,,0,0,0,0,0,0,0,576,0,,,,table number,0,0,15,0,,0,,,
Rînd. 1124 col.2,dec/DataSet/Data/CAP/CAP_R[line]/CAP1_R1124_C2_FILIAL,CAP,,numeric,textfield,,,0,0,0,0,0,0,0,577,0,,,,table number,0,0,15,0,,0,,,
Rînd. 1124 col.3,dec/DataSet/Data/CAP/CAP_R[line]/CAP1_R1124_C3_FILIAL,CAP,,numeric,textfield,,,0,0,0,0,0,0,0,578,0,,,,table number,0,0,15,0,,0,,,
Rînd. 1124 col.4,dec/DataSet/Data/CAP/CAP_R[line]/CAP1_R1124_C4_FILIAL,CAP,,numeric,textfield,,,0,0,0,0,0,0,0,579,0,,,,table number,0,0,15,0,,0,,,
Rînd. 1124 col.5,dec/DataSet/Data/CAP/CAP_R[line]/CAP1_R1124_C5_FILIAL,CAP,,numeric,textfield,,,0,0,0,0,0,0,0,580,0,,,,table number,0,0,15,0,,0,,,
Rînd. 1125 col.1,dec/DataSet/Data/CAP/CAP_R[line]/CAP1_R1125_C1_FILIAL,CAP,,numeric,textfield,,,0,0,0,0,0,0,0,581,0,,,,table number,0,0,15,0,,0,,,
Rînd. 1125 col.2,dec/DataSet/Data/CAP/CAP_R[line]/CAP1_R1125_C2_FILIAL,CAP,,numeric,textfield,,,0,0,0,0,0,0,0,582,0,,,,table number,0,0,15,0,,0,,,
Rînd. 1125 col.3,dec/DataSet/Data/CAP/CAP_R[line]/CAP1_R1125_C3_FILIAL,CAP,,numeric,textfield,,,0,0,0,0,0,0,0,583,0,,,,table number,0,0,15,0,,0,,,
Rînd. 1125 col.4,dec/DataSet/Data/CAP/CAP_R[line]/CAP1_R1125_C4_FILIAL,CAP,,numeric,textfield,,,0,0,0,0,0,0,0,584,0,,,,table number,0,0,15,0,,0,,,
Rînd. 1125 col.5,dec/DataSet/Data/CAP/CAP_R[line]/CAP1_R1125_C5_FILIAL,CAP,,numeric,textfield,,,0,0,0,0,0,0,0,585,0,,,,table number,0,0,15,0,,0,,,
Rînd. 1126 col.1,dec/DataSet/Data/CAP/CAP_R[line]/CAP1_R1126_C1_FILIAL,CAP,,numeric,textfield,,,0,0,0,0,0,0,0,586,0,,,,table number,0,0,15,0,,0,,,
Rînd. 1126 col.2,dec/DataSet/Data/CAP/CAP_R[line]/CAP1_R1126_C2_FILIAL,CAP,,numeric,textfield,,,0,0,0,0,0,0,0,587,0,,,,table number,0,0,15,0,,0,,,
Rînd. 1126 col.3,dec/DataSet/Data/CAP/CAP_R[line]/CAP1_R1126_C3_FILIAL,CAP,,numeric,textfield,,,0,0,0,0,0,0,0,588,0,,,,table number,0,0,15,0,,0,,,
Rînd. 1126 col.4,dec/DataSet/Data/CAP/CAP_R[line]/CAP1_R1126_C4_FILIAL,CAP,,numeric,textfield,,,0,0,0,0,0,0,0,589,0,,,,table number,0,0,15,0,,0,,,
Rînd. 1126 col.5,dec/DataSet/Data/CAP/CAP_R[line]/CAP1_R1126_C5_FILIAL,CAP,,numeric,textfield,,,0,0,0,0,0,0,0,590,0,,,,table number,0,0,15,0,,0,,,
Rînd. 1127 col.1,dec/DataSet/Data/CAP/CAP_R[line]/CAP1_R1127_C1_FILIAL,CAP,,numeric,textfield,,,0,0,0,0,0,0,0,591,0,,,,table number,0,0,15,0,,0,,,
Rînd. 1127 col.2,dec/DataSet/Data/CAP/CAP_R[line]/CAP1_R1127_C2_FILIAL,CAP,,numeric,textfield,,,0,0,0,0,0,0,0,592,0,,,,table number,0,0,15,0,,0,,,
Rînd. 1127 col.3,dec/DataSet/Data/CAP/CAP_R[line]/CAP1_R1127_C3_FILIAL,CAP,,numeric,textfield,,,0,0,0,0,0,0,0,593,0,,,,table number,0,0,15,0,,0,,,
Rînd. 1127 col.4,dec/DataSet/Data/CAP/CAP_R[line]/CAP1_R1127_C4_FILIAL,CAP,,numeric,textfield,,,0,0,0,0,0,0,0,594,0,,,,table number,0,0,15,0,,0,,,
Rînd. 1127 col.5,dec/DataSet/Data/CAP/CAP_R[line]/CAP1_R1127_C5_FILIAL,CAP,,numeric,textfield,,,0,0,0,0,0,0,0,595,0,,,,table number,0,0,15,0,,0,,,
Rînd. 1133 col.1,dec/DataSet/Data/CAP/CAP_R[line]/CAP1_R1133_C1_FILIAL,CAP,,numeric,textfield,,,0,0,0,0,0,0,0,596,0,,,,table number,0,0,15,0,,0,,,
Rînd. 1133 col.2,dec/DataSet/Data/CAP/CAP_R[line]/CAP1_R1133_C2_FILIAL,CAP,,numeric,textfield,,,0,0,0,0,0,0,0,597,0,,,,table number,0,0,15,0,,0,,,
Rînd. 1133 col.3,dec/DataSet/Data/CAP/CAP_R[line]/CAP1_R1133_C3_FILIAL,CAP,,numeric,textfield,,,0,0,0,0,0,0,0,598,0,,,,table number,0,0,15,0,,0,,,
Rînd. 1133 col.4,dec/DataSet/Data/CAP/CAP_R[line]/CAP1_R1133_C4_FILIAL,CAP,,numeric,textfield,,,0,0,0,0,0,0,0,599,0,,,,table number,0,0,15,0,,0,,,
Rînd. 1133 col.5,dec/DataSet/Data/CAP/CAP_R[line]/CAP1_R1133_C5_FILIAL,CAP,,numeric,textfield,,,0,0,0,0,0,0,0,600,0,,,,table number,0,0,15,0,,0,,,
Rînd. 1134 col.1,dec/DataSet/Data/CAP/CAP_R[line]/CAP1_R1134_C1_FILIAL,CAP,,numeric,textfield,,,0,0,0,0,0,0,0,601,0,,,,table number,0,0,15,0,,0,,,
Rînd. 1134 col.2,dec/DataSet/Data/CAP/CAP_R[line]/CAP1_R1134_C2_FILIAL,CAP,,numeric,textfield,,,0,0,0,0,0,0,0,602,0,,,,table number,0,0,15,0,,0,,,
Rînd. 1134 col.3,dec/DataSet/Data/CAP/CAP_R[line]/CAP1_R1134_C3_FILIAL,CAP,,numeric,textfield,,,0,0,0,0,0,0,0,603,0,,,,table number,0,0,15,0,,0,,,
Rînd. 1134 col.4,dec/DataSet/Data/CAP/CAP_R[line]/CAP1_R1134_C4_FILIAL,CAP,,numeric,textfield,,,0,0,0,0,0,0,0,604,0,,,,table number,0,0,15,0,,0,,,
Rînd. 1134 col.5,dec/DataSet/Data/CAP/CAP_R[line]/CAP1_R1134_C5_FILIAL,CAP,,numeric,textfield,,,0,0,0,0,0,0,0,605,0,,,,table number,0,0,15,0,,0,,,
Rînd. 1135 col.1,dec/DataSet/Data/CAP/CAP_R[line]/CAP1_R1135_C1_FILIAL,CAP,,numeric,textfield,,,0,0,0,0,0,0,0,606,0,,,,table number,0,0,15,0,,0,,,
Rînd. 1135 col.2,dec/DataSet/Data/CAP/CAP_R[line]/CAP1_R1135_C2_FILIAL,CAP,,numeric,textfield,,,0,0,0,0,0,0,0,607,0,,,,table number,0,0,15,0,,0,,,
Rînd. 1135 col.3,dec/DataSet/Data/CAP/CAP_R[line]/CAP1_R1135_C3_FILIAL,CAP,,numeric,textfield,,,0,0,0,0,0,0,0,608,0,,,,table number,0,0,15,0,,0,,,
Rînd. 1135 col.4,dec/DataSet/Data/CAP/CAP_R[line]/CAP1_R1135_C4_FILIAL,CAP,,numeric,textfield,,,0,0,0,0,0,0,0,609,0,,,,table number,0,0,15,0,,0,,,
Rînd. 1135 col.5,dec/DataSet/Data/CAP/CAP_R[line]/CAP1_R1135_C5_FILIAL,CAP,,numeric,textfield,,,0,0,0,0,0,0,0,610,0,,,,table number,0,0,15,0,,0,,,
Rînd. 1136 col.1,dec/DataSet/Data/CAP/CAP_R[line]/CAP1_R1136_C1_FILIAL,CAP,,numeric,textfield,,,0,0,0,0,0,0,0,611,0,,,,table number,0,0,15,0,,0,,,
Rînd. 1136 col.2,dec/DataSet/Data/CAP/CAP_R[line]/CAP1_R1136_C2_FILIAL,CAP,,numeric,textfield,,,0,0,0,0,0,0,0,612,0,,,,table number,0,0,15,0,,0,,,
Rînd. 1136 col.3,dec/DataSet/Data/CAP/CAP_R[line]/CAP1_R1136_C3_FILIAL,CAP,,numeric,textfield,,,0,0,0,0,0,0,0,613,0,,,,table number,0,0,15,0,,0,,,
Rînd. 1136 col.4,dec/DataSet/Data/CAP/CAP_R[line]/CAP1_R1136_C4_FILIAL,CAP,,numeric,textfield,,,0,0,0,0,0,0,0,614,0,,,,table number,0,0,15,0,,0,,,
Rînd. 1136 col.5,dec/DataSet/Data/CAP/CAP_R[line]/CAP1_R1136_C5_FILIAL,CAP,,numeric,textfield,,,0,0,0,0,0,0,0,615,0,,,,table number,0,0,15,0,,0,,,
Rînd. 1213 col.1,dec/DataSet/Data/CAP/CAP_R[line]/CAP1_R1213_C1_FILIAL,CAP,,numeric,textfield,,,0,0,0,0,0,0,0,621,0,,,,table number,0,0,15,0,,0,,,
Rînd. 1213 col.2,dec/DataSet/Data/CAP/CAP_R[line]/CAP1_R1213_C2_FILIAL,CAP,,numeric,textfield,,,0,0,0,0,0,0,0,622,0,,,,table number,0,0,15,0,,0,,,
Rînd. 1213 col.3,dec/DataSet/Data/CAP/CAP_R[line]/CAP1_R1213_C3_FILIAL,CAP,,numeric,textfield,,,0,0,0,0,0,0,0,623,0,,,,table number,0,0,15,0,,0,,,
Rînd. 1213 col.4,dec/DataSet/Data/CAP/CAP_R[line]/CAP1_R1213_C4_FILIAL,CAP,,numeric,textfield,,,0,0,0,0,0,0,0,624,0,,,,table number,0,0,15,0,,0,,,
Rînd. 1213 col.5,dec/DataSet/Data/CAP/CAP_R[line]/CAP1_R1213_C5_FILIAL,CAP,,numeric,textfield,,,0,0,0,0,0,0,0,625,0,,,,table number,0,0,15,0,,0,,,
Rînd. 1214 col.1,dec/DataSet/Data/CAP/CAP_R[line]/CAP1_R1214_C1_FILIAL,CAP,,numeric,textfield,,,0,0,0,0,0,0,0,626,0,,,,table number,0,0,15,0,,0,,,
Rînd. 1214 col.2,dec/DataSet/Data/CAP/CAP_R[line]/CAP1_R1214_C2_FILIAL,CAP,,numeric,textfield,,,0,0,0,0,0,0,0,627,0,,,,table number,0,0,15,0,,0,,,
Rînd. 1214 col.3,dec/DataSet/Data/CAP/CAP_R[line]/CAP1_R1214_C3_FILIAL,CAP,,numeric,textfield,,,0,0,0,0,0,0,0,628,0,,,,table number,0,0,15,0,,0,,,
Rînd. 1215 col.1,dec/DataSet/Data/CAP/CAP_R[line]/CAP1_R1215_C1_FILIAL,CAP,,numeric,textfield,,,0,0,0,0,0,0,0,629,0,,,,table number,0,0,15,0,,0,,,
Rînd. 1215 col.2,dec/DataSet/Data/CAP/CAP_R[line]/CAP1_R1215_C2_FILIAL,CAP,,numeric,textfield,,,0,0,0,0,0,0,0,630,0,,,,table number,0,0,15,0,,0,,,
Rînd. 1215 col.3,dec/DataSet/Data/CAP/CAP_R[line]/CAP1_R1215_C3_FILIAL,CAP,,numeric,textfield,,,0,0,0,0,0,0,0,631,0,,,,table number,0,0,15,0,,0,,,
Rînd. 1216 col.1,dec/DataSet/Data/CAP/CAP_R[line]/CAP1_R1216_C1_FILIAL,CAP,,numeric,textfield,,,0,0,0,0,0,0,0,632,0,,,,table number,0,0,15,0,,0,,,
Rînd. 1216 col.2,dec/DataSet/Data/CAP/CAP_R[line]/CAP1_R1216_C2_FILIAL,CAP,,numeric,textfield,,,0,0,0,0,0,0,0,633,0,,,,table number,0,0,15,0,,0,,,
Rînd. 1216 col.3,dec/DataSet/Data/CAP/CAP_R[line]/CAP1_R1216_C3_FILIAL,CAP,,numeric,textfield,,,0,0,0,0,0,0,0,634,0,,,,table number,0,0,15,0,,0,,,
Rînd. 1216 col.4,dec/DataSet/Data/CAP/CAP_R[line]/CAP1_R1216_C4_FILIAL,CAP,,numeric,textfield,,,0,0,0,0,0,0,0,635,0,,,,table number,0,0,15,0,,0,,,
Rînd. 1218 col.1,dec/DataSet/Data/CAP/CAP_R[line]/CAP1_R1218_C1_FILIAL,CAP,,numeric,textfield,,,0,0,0,0,0,0,0,636,0,,,,table number,0,0,15,0,,0,,,
Rînd. 1218 col.2,dec/DataSet/Data/CAP/CAP_R[line]/CAP1_R1218_C2_FILIAL,CAP,,numeric,textfield,,,0,0,0,0,0,0,0,637,0,,,,table number,0,0,15,0,,0,,,
Rînd. 1218 col.3,dec/DataSet/Data/CAP/CAP_R[line]/CAP1_R1218_C3_FILIAL,CAP,,numeric,textfield,,,0,0,0,0,0,0,0,638,0,,,,table number,0,0,15,0,,0,,,
Rînd. 1218 col.4,dec/DataSet/Data/CAP/CAP_R[line]/CAP1_R1218_C4_FILIAL,CAP,,numeric,textfield,,,0,0,0,0,0,0,0,639,0,,,,table number,0,0,15,0,,0,,,
Rînd. 1218 col.5,dec/DataSet/Data/CAP/CAP_R[line]/CAP1_R1218_C5_FILIAL,CAP,,numeric,textfield,,,0,0,0,0,0,0,0,640,0,,,,table number,0,0,15,0,,0,,,
Rînd. 1219 col.1,dec/DataSet/Data/CAP/CAP_R[line]/CAP1_R1219_C1_FILIAL,CAP,,numeric,textfield,,,0,0,0,0,0,0,0,641,0,,,,table number,0,0,15,0,,0,,,
Rînd. 1219 col.2,dec/DataSet/Data/CAP/CAP_R[line]/CAP1_R1219_C2_FILIAL,CAP,,numeric,textfield,,,0,0,0,0,0,0,0,642,0,,,,table number,0,0,15,0,,0,,,
Rînd. 1219 col.3,dec/DataSet/Data/CAP/CAP_R[line]/CAP1_R1219_C3_FILIAL,CAP,,numeric,textfield,,,0,0,0,0,0,0,0,643,0,,,,table number,0,0,15,0,,0,,,
Rînd. 1219 col.4,dec/DataSet/Data/CAP/CAP_R[line]/CAP1_R1219_C4_FILIAL,CAP,,numeric,textfield,,,0,0,0,0,0,0,0,644,0,,,,table number,0,0,15,0,,0,,,
Rînd. 1221 col.1,dec/DataSet/Data/CAP/CAP_R[line]/CAP1_R1221_C1_FILIAL,CAP,,numeric,textfield,,,0,0,0,0,0,0,0,645,0,,,,table number,0,0,15,0,,0,,,
Rînd. 1221 col.2,dec/DataSet/Data/CAP/CAP_R[line]/CAP1_R1221_C2_FILIAL,CAP,,numeric,textfield,,,0,0,0,0,0,0,0,646,0,,,,table number,0,0,15,0,,0,,,
Rînd. 1221 col.3,dec/DataSet/Data/CAP/CAP_R[line]/CAP1_R1221_C3_FILIAL,CAP,,numeric,textfield,,,0,0,0,0,0,0,0,647,0,,,,table number,0,0,15,0,,0,,,
Rînd. 1224 col.1,dec/DataSet/Data/CAP/CAP_R[line]/CAP1_R1224_C1_FILIAL,CAP,,numeric,textfield,,,0,0,0,0,0,0,0,648,0,,,,table number,0,0,15,0,,0,,,
Rînd. 1224 col.2,dec/DataSet/Data/CAP/CAP_R[line]/CAP1_R1224_C2_FILIAL,CAP,,numeric,textfield,,,0,0,0,0,0,0,0,649,0,,,,table number,0,0,15,0,,0,,,
Rînd. 1224 col.3,dec/DataSet/Data/CAP/CAP_R[line]/CAP1_R1224_C3_FILIAL,CAP,,numeric,textfield,,,0,0,0,0,0,0,0,650,0,,,,table number,0,0,15,0,,0,,,
Rînd. 1224 col.4,dec/DataSet/Data/CAP/CAP_R[line]/CAP1_R1224_C4_FILIAL,CAP,,numeric,textfield,,,0,0,0,0,0,0,0,651,0,,,,table number,0,0,15,0,,0,,,
Rînd. 1224 col.5,dec/DataSet/Data/CAP/CAP_R[line]/CAP1_R1224_C5_FILIAL,CAP,,numeric,textfield,,,0,0,0,0,0,0,0,652,0,,,,table number,0,0,15,0,,0,,,
Rînd. 1225 col.1,dec/DataSet/Data/CAP/CAP_R[line]/CAP1_R1225_C1_FILIAL,CAP,,numeric,textfield,,,0,0,0,0,0,0,0,653,0,,,,table number,0,0,15,0,,0,,,
Rînd. 1225 col.2,dec/DataSet/Data/CAP/CAP_R[line]/CAP1_R1225_C2_FILIAL,CAP,,numeric,textfield,,,0,0,0,0,0,0,0,654,0,,,,table number,0,0,15,0,,0,,,
Rînd. 1225 col.3,dec/DataSet/Data/CAP/CAP_R[line]/CAP1_R1225_C3_FILIAL,CAP,,numeric,textfield,,,0,0,0,0,0,0,0,655,0,,,,table number,0,0,15,0,,0,,,
Rînd. 1225 col.4,dec/DataSet/Data/CAP/CAP_R[line]/CAP1_R1225_C4_FILIAL,CAP,,numeric,textfield,,,0,0,0,0,0,0,0,656,0,,,,table number,0,0,15,0,,0,,,
Rînd. 1225 col.5,dec/DataSet/Data/CAP/CAP_R[line]/CAP1_R1225_C5_FILIAL,CAP,,numeric,textfield,,,0,0,0,0,0,0,0,657,0,,,,table number,0,0,15,0,,0,,,
Rînd. 1237 col.1,dec/DataSet/Data/CAP/CAP_R[line]/CAP1_R1237_C1_FILIAL,CAP,,numeric,textfield,,,0,0,0,0,0,0,0,673,0,,,,table number,0,0,15,0,,0,,,
Rînd. 1237 col.2,dec/DataSet/Data/CAP/CAP_R[line]/CAP1_R1237_C2_FILIAL,CAP,,numeric,textfield,,,0,0,0,0,0,0,0,674,0,,,,table number,0,0,15,0,,0,,,
Rînd. 1237 col.3,dec/DataSet/Data/CAP/CAP_R[line]/CAP1_R1237_C3_FILIAL,CAP,,numeric,textfield,,,0,0,0,0,0,0,0,675,0,,,,table number,0,0,15,0,,0,,,
Rînd. 1238 col.1,dec/DataSet/Data/CAP/CAP_R[line]/CAP1_R1238_C1_FILIAL,CAP,,numeric,textfield,,,0,0,0,0,0,0,0,676,0,,,,table number,0,0,15,0,,0,,,
Rînd. 1238 col.2,dec/DataSet/Data/CAP/CAP_R[line]/CAP1_R1238_C2_FILIAL,CAP,,numeric,textfield,,,0,0,0,0,0,0,0,677,0,,,,table number,0,0,15,0,,0,,,
Rînd. 1238 col.3,dec/DataSet/Data/CAP/CAP_R[line]/CAP1_R1238_C3_FILIAL,CAP,,numeric,textfield,,,0,0,0,0,0,0,0,678,0,,,,table number,0,0,15,0,,0,,,
Rînd. 1239 col.1,dec/DataSet/Data/CAP/CAP_R[line]/CAP1_R1239_C1_FILIAL,CAP,,numeric,textfield,,,0,0,0,0,0,0,0,679,0,,,,table number,0,0,15,0,,0,,,
Rînd. 1239 col.2,dec/DataSet/Data/CAP/CAP_R[line]/CAP1_R1239_C2_FILIAL,CAP,,numeric,textfield,,,0,0,0,0,0,0,0,680,0,,,,table number,0,0,15,0,,0,,,
Rînd. 1239 col.3,dec/DataSet/Data/CAP/CAP_R[line]/CAP1_R1239_C3_FILIAL,CAP,,numeric,textfield,,,0,0,0,0,0,0,0,681,0,,,,table number,0,0,15,0,,0,,,
Rînd. 1242 col.2,dec/DataSet/Data/CAP/CAP_R[line]/CAP1_R1242_C2_FILIAL,CAP,,numeric,textfield,,,0,0,0,0,0,0,0,686,0,,,,table number,0,0,15,0,,0,,,
Rînd. 1242 col.3,dec/DataSet/Data/CAP/CAP_R[line]/CAP1_R1242_C3_FILIAL,CAP,,numeric,textfield,,,0,0,0,0,0,0,0,687,0,,,,table number,0,0,15,0,,0,,,
Rînd. 1242 col.4,dec/DataSet/Data/CAP/CAP_R[line]/CAP1_R1242_C4_FILIAL,CAP,,numeric,textfield,,,0,0,0,0,0,0,0,688,0,,,,table number,0,0,15,0,,0,,,
Rînd. 1243 col.1,dec/DataSet/Data/CAP/CAP_R[line]/CAP1_R1243_C1_FILIAL,CAP,,numeric,textfield,,,0,0,0,0,0,0,0,689,0,,,,table number,0,0,15,0,,0,,,
Rînd. 1243 col.2,dec/DataSet/Data/CAP/CAP_R[line]/CAP1_R1243_C2_FILIAL,CAP,,numeric,textfield,,,0,0,0,0,0,0,0,690,0,,,,table number,0,0,15,0,,0,,,
Rînd. 1243 col.3,dec/DataSet/Data/CAP/CAP_R[line]/CAP1_R1243_C3_FILIAL,CAP,,numeric,textfield,,,0,0,0,0,0,0,0,691,0,,,,table number,0,0,15,0,,0,,,
Rînd. 1243 col.4,dec/DataSet/Data/CAP/CAP_R[line]/CAP1_R1243_C4_FILIAL,CAP,,numeric,textfield,,,0,0,0,0,0,0,0,692,0,,,,table number,0,0,15,0,,0,,,
Rînd. 1244 col.1,dec/DataSet/Data/CAP/CAP_R[line]/CAP1_R1244_C1_FILIAL,CAP,,numeric,textfield,,,0,0,0,0,0,0,0,693,0,,,,table number,0,0,15,0,,0,,,
Rînd. 1244 col.2,dec/DataSet/Data/CAP/CAP_R[line]/CAP1_R1244_C2_FILIAL,CAP,,numeric,textfield,,,0,0,0,0,0,0,0,694,0,,,,table number,0,0,15,0,,0,,,
Rînd. 1301 col.1,dec/DataSet/Data/CAP/CAP_R[line]/CAP1_R1301_C1_FILIAL,CAP,,float,textfield,,,0,0,0,0,0,0,0,695,0,,,,table number,0,0,15,1,,0,,,
Rînd. 1301 col.2,dec/DataSet/Data/CAP/CAP_R[line]/CAP1_R1301_C2_FILIAL,CAP,,float,textfield,,,0,0,0,0,0,0,0,696,0,,,,table number,0,0,15,1,,0,,,
Rînd. 1301 col.3,dec/DataSet/Data/CAP/CAP_R[line]/CAP1_R1301_C3_FILIAL,CAP,,numeric,textfield,,,0,0,0,0,0,0,0,697,0,,,,table number,0,0,15,0,,0,,,
Rînd. 1301 col.5,dec/DataSet/Data/CAP/CAP_R[line]/CAP1_R1301_C5_FILIAL,CAP,,numeric,textfield,,,0,0,0,0,0,0,0,698,0,,,,table number,0,0,15,0,,0,,,
Rînd. 1302 col.1,dec/DataSet/Data/CAP/CAP_R[line]/CAP1_R1302_C1_FILIAL,CAP,,float,textfield,,,0,0,0,0,0,0,0,699,0,,,,table number,0,0,15,1,,0,,,
Rînd. 1302 col.2,dec/DataSet/Data/CAP/CAP_R[line]/CAP1_R1302_C2_FILIAL,CAP,,float,textfield,,,0,0,0,0,0,0,0,700,0,,,,table number,0,0,15,1,,0,,,
Rînd. 1302 col.3,dec/DataSet/Data/CAP/CAP_R[line]/CAP1_R1302_C3_FILIAL,CAP,,numeric,textfield,,,0,0,0,0,0,0,0,701,0,,,,table number,0,0,15,0,,0,,,
Rînd. 1302 col.5,dec/DataSet/Data/CAP/CAP_R[line]/CAP1_R1302_C5_FILIAL,CAP,,numeric,textfield,,,0,0,0,0,0,0,0,702,0,,,,table number,0,0,15,0,,0,,,
Rînd. 1303 col.1,dec/DataSet/Data/CAP/CAP_R[line]/CAP1_R1303_C1_FILIAL,CAP,,float,textfield,,,0,0,0,0,0,0,0,703,0,,,,table number,0,0,15,1,,0,,,
Rînd. 1303 col.2,dec/DataSet/Data/CAP/CAP_R[line]/CAP1_R1303_C2_FILIAL,CAP,,float,textfield,,,0,0,0,0,0,0,0,704,0,,,,table number,0,0,15,1,,0,,,
Rînd. 1303 col.3,dec/DataSet/Data/CAP/CAP_R[line]/CAP1_R1303_C3_FILIAL,CAP,,numeric,textfield,,,0,0,0,0,0,0,0,705,0,,,,table number,0,0,15,0,,0,,,
Rînd. 1303 col.5,dec/DataSet/Data/CAP/CAP_R[line]/CAP1_R1303_C5_FILIAL,CAP,,numeric,textfield,,,0,0,0,0,0,0,0,706,0,,,,table number,0,0,15,0,,0,,,
Rînd. 1305 col.1,dec/DataSet/Data/CAP/CAP_R[line]/CAP1_R1305_C1_FILIAL,CAP,,float,textfield,,,0,0,0,0,0,0,0,707,0,,,,table number,0,0,15,1,,0,,,
Rînd. 1305 col.2,dec/DataSet/Data/CAP/CAP_R[line]/CAP1_R1305_C2_FILIAL,CAP,,float,textfield,,,0,0,0,0,0,0,0,708,0,,,,table number,0,0,15,1,,0,,,
Rînd. 1305 col.3,dec/DataSet/Data/CAP/CAP_R[line]/CAP1_R1305_C3_FILIAL,CAP,,numeric,textfield,,,0,0,0,0,0,0,0,709,0,,,,table number,0,0,15,0,,0,,,
Rînd. 1305 col.5,dec/DataSet/Data/CAP/CAP_R[line]/CAP1_R1305_C5_FILIAL,CAP,,numeric,textfield,,,0,0,0,0,0,0,0,710,0,,,,table number,0,0,15,0,,0,,,
Rînd. 1306 col.1,dec/DataSet/Data/CAP/CAP_R[line]/CAP1_R1306_C1_FILIAL,CAP,,float,textfield,,,0,0,0,0,0,0,0,711,0,,,,table number,0,0,15,1,,0,,,
Rînd. 1306 col.2,dec/DataSet/Data/CAP/CAP_R[line]/CAP1_R1306_C2_FILIAL,CAP,,float,textfield,,,0,0,0,0,0,0,0,712,0,,,,table number,0,0,15,1,,0,,,
Rînd. 1306 col.3,dec/DataSet/Data/CAP/CAP_R[line]/CAP1_R1306_C3_FILIAL,CAP,,numeric,textfield,,,0,0,0,0,0,0,0,713,0,,,,table number,0,0,15,0,,0,,,
Rînd. 1306 col.5,dec/DataSet/Data/CAP/CAP_R[line]/CAP1_R1306_C5_FILIAL,CAP,,numeric,textfield,,,0,0,0,0,0,0,0,714,0,,,,table number,0,0,15,0,,0,,,
Rînd. 1307 col.1,dec/DataSet/Data/CAP/CAP_R[line]/CAP1_R1307_C1_FILIAL,CAP,,float,textfield,,,0,0,0,0,0,0,0,715,0,,,,table number,0,0,15,1,,0,,,
Rînd. 1307 col.2,dec/DataSet/Data/CAP/CAP_R[line]/CAP1_R1307_C2_FILIAL,CAP,,float,textfield,,,0,0,0,0,0,0,0,716,0,,,,table number,0,0,15,1,,0,,,
Rînd. 1307 col.3,dec/DataSet/Data/CAP/CAP_R[line]/CAP1_R1307_C3_FILIAL,CAP,,numeric,textfield,,,0,0,0,0,0,0,0,717,0,,,,table number,0,0,15,0,,0,,,
Rînd. 1307 col.5,dec/DataSet/Data/CAP/CAP_R[line]/CAP1_R1307_C5_FILIAL,CAP,,numeric,textfield,,,0,0,0,0,0,0,0,718,0,,,,table number,0,0,15,0,,0,,,
Rînd. 1308 col.1,dec/DataSet/Data/CAP/CAP_R[line]/CAP1_R1308_C1_FILIAL,CAP,,float,textfield,,,0,0,0,0,0,0,0,719,0,,,,table number,0,0,15,1,,0,,,
Rînd. 1308 col.2,dec/DataSet/Data/CAP/CAP_R[line]/CAP1_R1308_C2_FILIAL,CAP,,float,textfield,,,0,0,0,0,0,0,0,720,0,,,,table number,0,0,15,1,,0,,,
Rînd. 1308 col.3,dec/DataSet/Data/CAP/CAP_R[line]/CAP1_R1308_C3_FILIAL,CAP,,numeric,textfield,,,0,0,0,0,0,0,0,721,0,,,,table number,0,0,15,0,,0,,,
Rînd. 1308 col.5,dec/DataSet/Data/CAP/CAP_R[line]/CAP1_R1308_C5_FILIAL,CAP,,numeric,textfield,,,0,0,0,0,0,0,0,722,0,,,,table number,0,0,15,0,,0,,,
Rînd. 1309 col.1,dec/DataSet/Data/CAP/CAP_R[line]/CAP1_R1309_C1_FILIAL,CAP,,float,textfield,,,0,0,0,0,0,0,0,723,0,,,,table number,0,0,15,1,,0,,,
Rînd. 1309 col.2,dec/DataSet/Data/CAP/CAP_R[line]/CAP1_R1309_C2_FILIAL,CAP,,float,textfield,,,0,0,0,0,0,0,0,724,0,,,,table number,0,0,15,1,,0,,,
Rînd. 1309 col.3,dec/DataSet/Data/CAP/CAP_R[line]/CAP1_R1309_C3_FILIAL,CAP,,numeric,textfield,,,0,0,0,0,0,0,0,725,0,,,,table number,0,0,15,0,,0,,,
Rînd. 1309 col.5,dec/DataSet/Data/CAP/CAP_R[line]/CAP1_R1309_C5_FILIAL,CAP,,numeric,textfield,,,0,0,0,0,0,0,0,726,0,,,,table number,0,0,15,0,,0,,,
Rînd. 1310 col.1,dec/DataSet/Data/CAP/CAP_R[line]/CAP1_R1310_C1_FILIAL,CAP,,float,textfield,,,0,0,0,0,0,0,0,727,0,,,,table number,0,0,15,1,,0,,,
Rînd. 1310 col.2,dec/DataSet/Data/CAP/CAP_R[line]/CAP1_R1310_C2_FILIAL,CAP,,float,textfield,,,0,0,0,0,0,0,0,728,0,,,,table number,0,0,15,1,,0,,,
Rînd. 1310 col.3,dec/DataSet/Data/CAP/CAP_R[line]/CAP1_R1310_C3_FILIAL,CAP,,numeric,textfield,,,0,0,0,0,0,0,0,729,0,,,,table number,0,0,15,0,,0,,,
Rînd. 1310 col.5,dec/DataSet/Data/CAP/CAP_R[line]/CAP1_R1310_C5_FILIAL,CAP,,numeric,textfield,,,0,0,0,0,0,0,0,730,0,,,,table number,0,0,15,0,,0,,,
Rînd. 1311 col.1,dec/DataSet/Data/CAP/CAP_R[line]/CAP1_R1311_C1_FILIAL,CAP,,float,textfield,,,0,0,0,0,0,0,0,731,0,,,,table number,0,0,15,1,,0,,,
Rînd. 1311 col.2,dec/DataSet/Data/CAP/CAP_R[line]/CAP1_R1311_C2_FILIAL,CAP,,float,textfield,,,0,0,0,0,0,0,0,732,0,,,,table number,0,0,15,1,,0,,,
Rînd. 1311 col.3,dec/DataSet/Data/CAP/CAP_R[line]/CAP1_R1311_C3_FILIAL,CAP,,numeric,textfield,,,0,0,0,0,0,0,0,733,0,,,,table number,0,0,15,0,,0,,,
Rînd. 1311 col.5,dec/DataSet/Data/CAP/CAP_R[line]/CAP1_R1311_C5_FILIAL,CAP,,numeric,textfield,,,0,0,0,0,0,0,0,734,0,,,,table number,0,0,15,0,,0,,,
Rînd. 1312 col.1,dec/DataSet/Data/CAP/CAP_R[line]/CAP1_R1312_C1_FILIAL,CAP,,float,textfield,,,0,0,0,0,0,0,0,735,0,,,,table number,0,0,15,1,,0,,,
Rînd. 1312 col.2,dec/DataSet/Data/CAP/CAP_R[line]/CAP1_R1312_C2_FILIAL,CAP,,float,textfield,,,0,0,0,0,0,0,0,736,0,,,,table number,0,0,15,1,,0,,,
Rînd. 1312 col.3,dec/DataSet/Data/CAP/CAP_R[line]/CAP1_R1312_C3_FILIAL,CAP,,numeric,textfield,,,0,0,0,0,0,0,0,737,0,,,,table number,0,0,15,0,,0,,,
Rînd. 1312 col.5,dec/DataSet/Data/CAP/CAP_R[line]/CAP1_R1312_C5_FILIAL,CAP,,numeric,textfield,,,0,0,0,0,0,0,0,738,0,,,,table number,0,0,15,0,,0,,,
Rînd. 1313 col.1,dec/DataSet/Data/CAP/CAP_R[line]/CAP1_R1313_C1_FILIAL,CAP,,float,textfield,,,0,0,0,0,0,0,0,739,0,,,,table number,0,0,15,1,,0,,,
Rînd. 1313 col.2,dec/DataSet/Data/CAP/CAP_R[line]/CAP1_R1313_C2_FILIAL,CAP,,float,textfield,,,0,0,0,0,0,0,0,740,0,,,,table number,0,0,15,1,,0,,,
Rînd. 1313 col.3,dec/DataSet/Data/CAP/CAP_R[line]/CAP1_R1313_C3_FILIAL,CAP,,numeric,textfield,,,0,0,0,0,0,0,0,741,0,,,,table number,0,0,15,0,,0,,,
Rînd. 1313 col.5,dec/DataSet/Data/CAP/CAP_R[line]/CAP1_R1313_C5_FILIAL,CAP,,numeric,textfield,,,0,0,0,0,0,0,0,742,0,,,,table number,0,0,15,0,,0,,,
Rînd. 1314 col.1,dec/DataSet/Data/CAP/CAP_R[line]/CAP1_R1314_C1_FILIAL,CAP,,float,textfield,,,0,0,0,0,0,0,0,743,0,,,,table number,0,0,15,1,,0,,,
Rînd. 1314 col.2,dec/DataSet/Data/CAP/CAP_R[line]/CAP1_R1314_C2_FILIAL,CAP,,float,textfield,,,0,0,0,0,0,0,0,744,0,,,,table number,0,0,15,1,,0,,,
Rînd. 1314 col.3,dec/DataSet/Data/CAP/CAP_R[line]/CAP1_R1314_C3_FILIAL,CAP,,numeric,textfield,,,0,0,0,0,0,0,0,745,0,,,,table number,0,0,15,0,,0,,,
Rînd. 1314 col.5,dec/DataSet/Data/CAP/CAP_R[line]/CAP1_R1314_C5_FILIAL,CAP,,numeric,textfield,,,0,0,0,0,0,0,0,746,0,,,,table number,0,0,15,0,,0,,,
Rînd. 1315 col.1,dec/DataSet/Data/CAP/CAP_R[line]/CAP1_R1315_C1_FILIAL,CAP,,float,textfield,,,0,0,0,0,0,0,0,747,0,,,,table number,0,0,15,1,,0,,,
Rînd. 1315 col.2,dec/DataSet/Data/CAP/CAP_R[line]/CAP1_R1315_C2_FILIAL,CAP,,float,textfield,,,0,0,0,0,0,0,0,748,0,,,,table number,0,0,15,1,,0,,,
Rînd. 1315 col.3,dec/DataSet/Data/CAP/CAP_R[line]/CAP1_R1315_C3_FILIAL,CAP,,numeric,textfield,,,0,0,0,0,0,0,0,749,0,,,,table number,0,0,15,0,,0,,,
Rînd. 1315 col.5,dec/DataSet/Data/CAP/CAP_R[line]/CAP1_R1315_C5_FILIAL,CAP,,numeric,textfield,,,0,0,0,0,0,0,0,750,0,,,,table number,0,0,15,0,,0,,,
Rînd. 1316 col.1,dec/DataSet/Data/CAP/CAP_R[line]/CAP1_R1316_C1_FILIAL,CAP,,float,textfield,,,0,0,0,0,0,0,0,751,0,,,,table number,0,0,15,1,,0,,,
Rînd. 1316 col.2,dec/DataSet/Data/CAP/CAP_R[line]/CAP1_R1316_C2_FILIAL,CAP,,float,textfield,,,0,0,0,0,0,0,0,752,0,,,,table number,0,0,15,1,,0,,,
Rînd. 1316 col.3,dec/DataSet/Data/CAP/CAP_R[line]/CAP1_R1316_C3_FILIAL,CAP,,numeric,textfield,,,0,0,0,0,0,0,0,753,0,,,,table number,0,0,15,0,,0,,,
Rînd. 1316 col.5,dec/DataSet/Data/CAP/CAP_R[line]/CAP1_R1316_C5_FILIAL,CAP,,numeric,textfield,,,0,0,0,0,0,0,0,754,0,,,,table number,0,0,15,0,,0,,,
Rînd. 1317 col.1,dec/DataSet/Data/CAP/CAP_R[line]/CAP1_R1317_C1_FILIAL,CAP,,float,textfield,,,0,0,0,0,0,0,0,755,0,,,,table number,0,0,15,1,,0,,,
Rînd. 1317 col.2,dec/DataSet/Data/CAP/CAP_R[line]/CAP1_R1317_C2_FILIAL,CAP,,float,textfield,,,0,0,0,0,0,0,0,756,0,,,,table number,0,0,15,1,,0,,,
Rînd. 1317 col.3,dec/DataSet/Data/CAP/CAP_R[line]/CAP1_R1317_C3_FILIAL,CAP,,numeric,textfield,,,0,0,0,0,0,0,0,757,0,,,,table number,0,0,15,0,,0,,,
Rînd. 1317 col.5,dec/DataSet/Data/CAP/CAP_R[line]/CAP1_R1317_C5_FILIAL,CAP,,numeric,textfield,,,0,0,0,0,0,0,0,758,0,,,,table number,0,0,15,0,,0,,,
Rînd. 1318 col.1,dec/DataSet/Data/CAP/CAP_R[line]/CAP1_R1318_C1_FILIAL,CAP,,float,textfield,,,0,0,0,0,0,0,0,759,0,,,,table number,0,0,15,1,,0,,,
Rînd. 1318 col.2,dec/DataSet/Data/CAP/CAP_R[line]/CAP1_R1318_C2_FILIAL,CAP,,float,textfield,,,0,0,0,0,0,0,0,760,0,,,,table number,0,0,15,1,,0,,,
Rînd. 1318 col.3,dec/DataSet/Data/CAP/CAP_R[line]/CAP1_R1318_C3_FILIAL,CAP,,numeric,textfield,,,0,0,0,0,0,0,0,761,0,,,,table number,0,0,15,0,,0,,,
Rînd. 1318 col.5,dec/DataSet/Data/CAP/CAP_R[line]/CAP1_R1318_C5_FILIAL,CAP,,numeric,textfield,,,0,0,0,0,0,0,0,762,0,,,,table number,0,0,15,0,,0,,,
Rînd. 1319 col.1,dec/DataSet/Data/CAP/CAP_R[line]/CAP1_R1319_C1_FILIAL,CAP,,float,textfield,,,0,0,0,0,0,0,0,763,0,,,,table number,0,0,15,1,,0,,,
Rînd. 1319 col.2,dec/DataSet/Data/CAP/CAP_R[line]/CAP1_R1319_C2_FILIAL,CAP,,float,textfield,,,0,0,0,0,0,0,0,764,0,,,,table number,0,0,15,1,,0,,,
Rînd. 1319 col.3,dec/DataSet/Data/CAP/CAP_R[line]/CAP1_R1319_C3_FILIAL,CAP,,numeric,textfield,,,0,0,0,0,0,0,0,765,0,,,,table number,0,0,15,0,,0,,,
Rînd. 1319 col.5,dec/DataSet/Data/CAP/CAP_R[line]/CAP1_R1319_C5_FILIAL,CAP,,numeric,textfield,,,0,0,0,0,0,0,0,766,0,,,,table number,0,0,15,0,,0,,,
Rînd. 1320 col.1,dec/DataSet/Data/CAP/CAP_R[line]/CAP1_R1320_C1_FILIAL,CAP,,numeric,textfield,,,0,0,0,0,0,0,0,767,0,,,,table number,0,0,15,0,,0,,,
Rînd. 1320 col.2,dec/DataSet/Data/CAP/CAP_R[line]/CAP1_R1320_C2_FILIAL,CAP,,numeric,textfield,,,0,0,0,0,0,0,0,768,0,,,,table number,0,0,15,0,,0,,,
Rînd. 1320 col.3,dec/DataSet/Data/CAP/CAP_R[line]/CAP1_R1320_C3_FILIAL,CAP,,numeric,textfield,,,0,0,0,0,0,0,0,769,0,,,,table number,0,0,15,0,,0,,,
Rînd. 1321 col.1,dec/DataSet/Data/CAP/CAP_R[line]/CAP1_R1321_C1_FILIAL,CAP,,numeric,textfield,,,0,0,0,0,0,0,0,770,0,,,,table number,0,0,15,0,,0,,,
Rînd. 1321 col.2,dec/DataSet/Data/CAP/CAP_R[line]/CAP1_R1321_C2_FILIAL,CAP,,numeric,textfield,,,0,0,0,0,0,0,0,771,0,,,,table number,0,0,15,0,,0,,,
Rînd. 1321 col.3,dec/DataSet/Data/CAP/CAP_R[line]/CAP1_R1321_C3_FILIAL,CAP,,numeric,textfield,,,0,0,0,0,0,0,0,772,0,,,,table number,0,0,15,0,,0,,,
Rînd. 1322 col.1,dec/DataSet/Data/CAP/CAP_R[line]/CAP1_R1322_C1_FILIAL,CAP,,numeric,textfield,,,0,0,0,0,0,0,0,773,0,,,,table number,0,0,15,0,,0,,,
Rînd. 1322 col.2,dec/DataSet/Data/CAP/CAP_R[line]/CAP1_R1322_C2_FILIAL,CAP,,numeric,textfield,,,0,0,0,0,0,0,0,774,0,,,,table number,0,0,15,0,,0,,,
Rînd. 1322 col.3,dec/DataSet/Data/CAP/CAP_R[line]/CAP1_R1322_C3_FILIAL,CAP,,numeric,textfield,,,0,0,0,0,0,0,0,775,0,,,,table number,0,0,15,0,,0,,,
Rînd. 1323 col.1,dec/DataSet/Data/CAP/CAP_R[line]/CAP1_R1323_C1_FILIAL,CAP,,numeric,textfield,,,0,0,0,0,0,0,0,776,0,,,,table number,0,0,15,0,,0,,,
Rînd. 1323 col.2,dec/DataSet/Data/CAP/CAP_R[line]/CAP1_R1323_C2_FILIAL,CAP,,numeric,textfield,,,0,0,0,0,0,0,0,777,0,,,,table number,0,0,15,0,,0,,,
Rînd. 1323 col.3,dec/DataSet/Data/CAP/CAP_R[line]/CAP1_R1323_C3_FILIAL,CAP,,numeric,textfield,,,0,0,0,0,0,0,0,778,0,,,,table number,0,0,15,0,,0,,,
Rînd. 1323 col.5,dec/DataSet/Data/CAP/CAP_R[line]/CAP1_R1323_C5_FILIAL,CAP,,numeric,textfield,,,0,0,0,0,0,0,0,779,0,,,,table number,0,0,15,0,,0,,,
Rînd. 1324 col.1,dec/DataSet/Data/CAP/CAP_R[line]/CAP1_R1324_C1_FILIAL,CAP,,numeric,textfield,,,0,0,0,0,0,0,0,780,0,,,,table number,0,0,15,0,,0,,,
Rînd. 1324 col.2,dec/DataSet/Data/CAP/CAP_R[line]/CAP1_R1324_C2_FILIAL,CAP,,numeric,textfield,,,0,0,0,0,0,0,0,781,0,,,,table number,0,0,15,0,,0,,,
Rînd. 1324 col.3,dec/DataSet/Data/CAP/CAP_R[line]/CAP1_R1324_C3_FILIAL,CAP,,numeric,textfield,,,0,0,0,0,0,0,0,782,0,,,,table number,0,0,15,0,,0,,,
Rînd. 1324 col.5,dec/DataSet/Data/CAP/CAP_R[line]/CAP1_R1324_C5_FILIAL,CAP,,numeric,textfield,,,0,0,0,0,0,0,0,783,0,,,,table number,0,0,15,0,,0,,,
Rînd. 1325 col.1,dec/DataSet/Data/CAP/CAP_R[line]/CAP1_R1325_C1_FILIAL,CAP,,numeric,textfield,,,0,0,0,0,0,0,0,784,0,,,,table number,0,0,15,0,,0,,,
Rînd. 1325 col.2,dec/DataSet/Data/CAP/CAP_R[line]/CAP1_R1325_C2_FILIAL,CAP,,numeric,textfield,,,0,0,0,0,0,0,0,785,0,,,,table number,0,0,15,0,,0,,,
Rînd. 1325 col.3,dec/DataSet/Data/CAP/CAP_R[line]/CAP1_R1325_C3_FILIAL,CAP,,numeric,textfield,,,0,0,0,0,0,0,0,786,0,,,,table number,0,0,15,0,,0,,,
Rînd. 1325 col.5,dec/DataSet/Data/CAP/CAP_R[line]/CAP1_R1325_C5_FILIAL,CAP,,numeric,textfield,,,0,0,0,0,0,0,0,787,0,,,,table number,0,0,15,0,,0,,,
Rînd. 1326 col.1,dec/DataSet/Data/CAP/CAP_R[line]/CAP1_R1326_C1_FILIAL,CAP,,numeric,textfield,,,0,0,0,0,0,0,0,788,0,,,,table number,0,0,15,0,,0,,,
Rînd. 1326 col.2,dec/DataSet/Data/CAP/CAP_R[line]/CAP1_R1326_C2_FILIAL,CAP,,numeric,textfield,,,0,0,0,0,0,0,0,789,0,,,,table number,0,0,15,0,,0,,,
Rînd. 1326 col.3,dec/DataSet/Data/CAP/CAP_R[line]/CAP1_R1326_C3_FILIAL,CAP,,numeric,textfield,,,0,0,0,0,0,0,0,790,0,,,,table number,0,0,15,0,,0,,,
Rînd. 1326 col.5,dec/DataSet/Data/CAP/CAP_R[line]/CAP1_R1326_C5_FILIAL,CAP,,numeric,textfield,,,0,0,0,0,0,0,0,791,0,,,,table number,0,0,15,0,,0,,,
Rînd. 1327 col.1,dec/DataSet/Data/CAP/CAP_R[line]/CAP1_R1327_C1_FILIAL,CAP,,numeric,textfield,,,0,0,0,0,0,0,0,792,0,,,,table number,0,0,15,0,,0,,,
Rînd. 1327 col.2,dec/DataSet/Data/CAP/CAP_R[line]/CAP1_R1327_C2_FILIAL,CAP,,numeric,textfield,,,0,0,0,0,0,0,0,793,0,,,,table number,0,0,15,0,,0,,,
Rînd. 1327 col.3,dec/DataSet/Data/CAP/CAP_R[line]/CAP1_R1327_C3_FILIAL,CAP,,numeric,textfield,,,0,0,0,0,0,0,0,794,0,,,,table number,0,0,15,0,,0,,,
Rînd. 1328 col.1,dec/DataSet/Data/CAP/CAP_R[line]/CAP1_R1328_C1_FILIAL,CAP,,numeric,textfield,,,0,0,0,0,0,0,0,795,0,,,,table number,0,0,15,0,,0,,,
Rînd. 1329 col.3,dec/DataSet/Data/CAP/CAP_R[line]/CAP1_R1329_C3_FILIAL,CAP,,numeric,textfield,,,0,0,0,0,0,0,0,796,0,,,,table number,0,0,15,0,,0,,,
Rînd. 1330 col.3,dec/DataSet/Data/CAP/CAP_R[line]/CAP1_R1330_C3_FILIAL,CAP,,numeric,textfield,,,0,0,0,0,0,0,0,797,0,,,,table number,0,0,15,0,,0,,,
Rînd. 1330 col.5,dec/DataSet/Data/CAP/CAP_R[line]/CAP1_R1330_C5_FILIAL,CAP,,numeric,textfield,,,0,0,0,0,0,0,0,798,0,,,,table number,0,0,15,0,,0,,,
Rînd. 1401 col.1,dec/DataSet/Data/CAP/CAP_R[line]/CAP1_R1401_C1_FILIAL,CAP,,numeric,textfield,,,0,0,0,0,0,0,0,799,0,,,,table number,0,0,15,0,,0,,,
Rînd. 1401 col.2,dec/DataSet/Data/CAP/CAP_R[line]/CAP1_R1401_C2_FILIAL,CAP,,numeric,textfield,,,0,0,0,0,0,0,0,800,0,,,,table number,0,0,15,0,,0,,,
Rînd. 1401 col.3,dec/DataSet/Data/CAP/CAP_R[line]/CAP1_R1401_C3_FILIAL,CAP,,numeric,textfield,,,0,0,0,0,0,0,0,801,0,,,,table number,0,0,15,0,,0,,,
Rînd. 1401 col.5,dec/DataSet/Data/CAP/CAP_R[line]/CAP1_R1401_C5_FILIAL,CAP,,numeric,textfield,,,0,0,0,0,0,0,0,802,0,,,,table number,0,0,15,0,,0,,,
Rînd. 1402 col.1,dec/DataSet/Data/CAP/CAP_R[line]/CAP1_R1402_C1_FILIAL,CAP,,numeric,textfield,,,0,0,0,0,0,0,0,803,0,,,,table number,0,0,15,0,,0,,,
Rînd. 1402 col.2,dec/DataSet/Data/CAP/CAP_R[line]/CAP1_R1402_C2_FILIAL,CAP,,numeric,textfield,,,0,0,0,0,0,0,0,804,0,,,,table number,0,0,15,0,,0,,,
Rînd. 1402 col.3,dec/DataSet/Data/CAP/CAP_R[line]/CAP1_R1402_C3_FILIAL,CAP,,numeric,textfield,,,0,0,0,0,0,0,0,805,0,,,,table number,0,0,15,0,,0,,,
Rînd. 1402 col.5,dec/DataSet/Data/CAP/CAP_R[line]/CAP1_R1402_C5_FILIAL,CAP,,numeric,textfield,,,0,0,0,0,0,0,0,806,0,,,,table number,0,0,15,0,,0,,,
Rînd. 1403 col.1,dec/DataSet/Data/CAP/CAP_R[line]/CAP1_R1403_C1_FILIAL,CAP,,numeric,textfield,,,0,0,0,0,0,0,0,807,0,,,,table number,0,0,15,0,,0,,,
Rînd. 1403 col.2,dec/DataSet/Data/CAP/CAP_R[line]/CAP1_R1403_C2_FILIAL,CAP,,numeric,textfield,,,0,0,0,0,0,0,0,808,0,,,,table number,0,0,15,0,,0,,,
Rînd. 1403 col.3,dec/DataSet/Data/CAP/CAP_R[line]/CAP1_R1403_C3_FILIAL,CAP,,numeric,textfield,,,0,0,0,0,0,0,0,809,0,,,,table number,0,0,15,0,,0,,,
Rînd. 1404 col.1,dec/DataSet/Data/CAP/CAP_R[line]/CAP1_R1404_C1_FILIAL,CAP,,numeric,textfield,,,0,0,0,0,0,0,0,810,0,,,,table number,0,0,15,0,,0,,,
Rînd. 1404 col.2,dec/DataSet/Data/CAP/CAP_R[line]/CAP1_R1404_C2_FILIAL,CAP,,numeric,textfield,,,0,0,0,0,0,0,0,811,0,,,,table number,0,0,15,0,,0,,,
Rînd. 1404 col.3,dec/DataSet/Data/CAP/CAP_R[line]/CAP1_R1404_C3_FILIAL,CAP,,numeric,textfield,,,0,0,0,0,0,0,0,812,0,,,,table number,0,0,15,0,,0,,,
Rînd. 1405 col.1,dec/DataSet/Data/CAP/CAP_R[line]/CAP1_R1405_C1_FILIAL,CAP,,numeric,textfield,,,0,0,0,0,0,0,0,813,0,,,,table number,0,0,15,0,,0,,,
Rînd. 1405 col.2,dec/DataSet/Data/CAP/CAP_R[line]/CAP1_R1405_C2_FILIAL,CAP,,numeric,textfield,,,0,0,0,0,0,0,0,814,0,,,,table number,0,0,15,0,,0,,,
Rînd. 1405 col.3,dec/DataSet/Data/CAP/CAP_R[line]/CAP1_R1405_C3_FILIAL,CAP,,numeric,textfield,,,0,0,0,0,0,0,0,815,0,,,,table number,0,0,15,0,,0,,,
Rînd. 1405 col.5,dec/DataSet/Data/CAP/CAP_R[line]/CAP1_R1405_C5_FILIAL,CAP,,numeric,textfield,,,0,0,0,0,0,0,0,816,0,,,,table number,0,0,15,0,,0,,,
Rînd. 1406 col.1,dec/DataSet/Data/CAP/CAP_R[line]/CAP1_R1406_C1_FILIAL,CAP,,numeric,textfield,,,0,0,0,0,0,0,0,817,0,,,,table number,0,0,15,0,,0,,,
Rînd. 1406 col.2,dec/DataSet/Data/CAP/CAP_R[line]/CAP1_R1406_C2_FILIAL,CAP,,numeric,textfield,,,0,0,0,0,0,0,0,818,0,,,,table number,0,0,15,0,,0,,,
Rînd. 1406 col.3,dec/DataSet/Data/CAP/CAP_R[line]/CAP1_R1406_C3_FILIAL,CAP,,numeric,textfield,,,0,0,0,0,0,0,0,819,0,,,,table number,0,0,15,0,,0,,,
Rînd. 1406 col.5,dec/DataSet/Data/CAP/CAP_R[line]/CAP1_R1406_C5_FILIAL,CAP,,numeric,textfield,,,0,0,0,0,0,0,0,820,0,,,,table number,0,0,15,0,,0,,,
Rînd. 1409 col.1,dec/DataSet/Data/CAP/CAP_R[line]/CAP1_R1409_C1_FILIAL,CAP,,numeric,textfield,,,0,0,0,0,0,0,0,821,0,,,,table number,0,0,15,0,,0,,,
Rînd. 1409 col.2,dec/DataSet/Data/CAP/CAP_R[line]/CAP1_R1409_C2_FILIAL,CAP,,numeric,textfield,,,0,0,0,0,0,0,0,822,0,,,,table number,0,0,15,0,,0,,,
Rînd. 1409 col.3,dec/DataSet/Data/CAP/CAP_R[line]/CAP1_R1409_C3_FILIAL,CAP,,numeric,textfield,,,0,0,0,0,0,0,0,823,0,,,,table number,0,0,15,0,,0,,,
Rînd. 1409 col.5,dec/DataSet/Data/CAP/CAP_R[line]/CAP1_R1409_C5_FILIAL,CAP,,numeric,textfield,,,0,0,0,0,0,0,0,824,0,,,,table number,0,0,15,0,,0,,,
Rînd. 1411 col.1,dec/DataSet/Data/CAP/CAP_R[line]/CAP1_R1411_C1_FILIAL,CAP,,numeric,textfield,,,0,0,0,0,0,0,0,825,0,,,,table number,0,0,15,0,,0,,,
Rînd. 1411 col.5,dec/DataSet/Data/CAP/CAP_R[line]/CAP1_R1411_C5_FILIAL,CAP,,numeric,textfield,,,0,0,0,0,0,0,0,826,0,,,,table number,0,0,15,0,,0,,,
Rînd. 1412 col.2,dec/DataSet/Data/CAP/CAP_R[line]/CAP1_R1412_C2_FILIAL,CAP,,numeric,textfield,,,0,0,0,0,0,0,0,827,0,,,,table number,0,0,15,0,,0,,,
Rînd. 1412 col.3,dec/DataSet/Data/CAP/CAP_R[line]/CAP1_R1412_C3_FILIAL,CAP,,numeric,textfield,,,0,0,0,0,0,0,0,828,0,,,,table number,0,0,15,0,,0,,,
Rînd. 1412 col.5,dec/DataSet/Data/CAP/CAP_R[line]/CAP1_R1412_C5_FILIAL,CAP,,numeric,textfield,,,0,0,0,0,0,0,0,829,0,,,,table number,0,0,15,0,,0,,,
Rînd. 1413 col.2,dec/DataSet/Data/CAP/CAP_R[line]/CAP1_R1413_C2_FILIAL,CAP,,numeric,textfield,,,0,0,0,0,0,0,0,830,0,,,,table number,0,0,15,0,,0,,,
Rînd. 1413 col.3,dec/DataSet/Data/CAP/CAP_R[line]/CAP1_R1413_C3_FILIAL,CAP,,numeric,textfield,,,0,0,0,0,0,0,0,831,0,,,,table number,0,0,15,0,,0,,,
Rînd. 1413 col.5,dec/DataSet/Data/CAP/CAP_R[line]/CAP1_R1413_C5_FILIAL,CAP,,numeric,textfield,,,0,0,0,0,0,0,0,832,0,,,,table number,0,0,15,0,,0,,,
Rînd. 1414 col.2,dec/DataSet/Data/CAP/CAP_R[line]/CAP1_R1414_C2_FILIAL,CAP,,numeric,textfield,,,0,0,0,0,0,0,0,833,0,,,,table number,0,0,15,0,,0,,,
Rînd. 1415 col.2,dec/DataSet/Data/CAP/CAP_R[line]/CAP1_R1415_C2_FILIAL,CAP,,numeric,textfield,,,0,0,0,0,0,0,0,834,0,,,,table number,0,0,15,0,,0,,,
Rînd. 1415 col.4,dec/DataSet/Data/CAP/CAP_R[line]/CAP1_R1415_C4_FILIAL,CAP,,numeric,textfield,,,0,0,0,0,0,0,0,835,0,,,,table number,0,0,15,0,,0,,,
Rînd. 1418 col.1,dec/DataSet/Data/CAP/CAP_R[line]/CAP1_R1418_C1_FILIAL,CAP,,numeric,textfield,,,0,0,0,0,0,0,0,836,0,,,,table number,0,0,15,0,,0,,,
Rînd. 1419 col.2,dec/DataSet/Data/CAP/CAP_R[line]/CAP1_R1419_C2_FILIAL,CAP,,numeric,textfield,,,0,0,0,0,0,0,0,837,0,,,,table number,0,0,15,0,,0,,,
Rînd. 1419 col.3,dec/DataSet/Data/CAP/CAP_R[line]/CAP1_R1419_C3_FILIAL,CAP,,numeric,textfield,,,0,0,0,0,0,0,0,838,0,,,,table number,0,0,15,0,,0,,,
Rînd. 1419 col.5,dec/DataSet/Data/CAP/CAP_R[line]/CAP1_R1419_C5_FILIAL,CAP,,numeric,textfield,,,0,0,0,0,0,0,0,839,0,,,,table number,0,0,15,0,,0,,,
Rînd. 1420 col.5,dec/DataSet/Data/CAP/CAP_R[line]/CAP1_R1420_C5_FILIAL,CAP,,numeric,textfield,,,0,0,0,0,0,0,0,842,0,,,,table number,0,0,15,0,,0,,,
Rînd. 1421 col.2,dec/DataSet/Data/CAP/CAP_R[line]/CAP1_R1421_C2_FILIAL,CAP,,numeric,textfield,,,0,0,0,0,0,0,0,843,0,,,,table number,0,0,15,0,,0,,,
Rînd. 1421 col.4,dec/DataSet/Data/CAP/CAP_R[line]/CAP1_R1421_C4_FILIAL,CAP,,numeric,textfield,,,0,0,0,0,0,0,0,844,0,,,,table number,0,0,15,0,,0,,,
Rînd. 1422 col.1,dec/DataSet/Data/CAP/CAP_R[line]/CAP1_R1422_C1_FILIAL,CAP,,numeric,textfield,,,0,0,0,0,0,0,0,845,0,,,,table number,0,0,15,0,,0,,,
Rînd. 1434 col.1,dec/DataSet/Data/CAP/CAP_R[line]/CAP1_R1434_C1_FILIAL,CAP,,numeric,textfield,,,0,0,0,0,0,0,0,846,0,,,,table number,0,0,15,0,,0,,,
Rînd. 1442 col.1,dec/DataSet/Data/CAP/CAP_R[line]/CAP1_R1442_C1_FILIAL,CAP,,numeric,textfield,,,0,0,0,0,0,0,0,848,0,,,,table number,0,0,15,0,,0,,,
Rînd. 1501 col.2,dec/DataSet/Data/CAP/CAP_R[line]/CAP1_R1501_C2_FILIAL,CAP,,numeric,textfield,,,0,0,0,0,0,0,0,849,0,,,,table number,0,0,15,0,,0,,,
Rînd. 1501 col.3,dec/DataSet/Data/CAP/CAP_R[line]/CAP1_R1501_C3_FILIAL,CAP,,numeric,textfield,,,0,0,0,0,0,0,0,850,0,,,,table number,0,0,15,0,,0,,,
Rînd. 1501 col.5,dec/DataSet/Data/CAP/CAP_R[line]/CAP1_R1501_C5_FILIAL,CAP,,numeric,textfield,,,0,0,0,0,0,0,0,851,0,,,,table number,0,0,15,0,,0,,,
Rînd. 1502 col.2,dec/DataSet/Data/CAP/CAP_R[line]/CAP1_R1502_C2_FILIAL,CAP,,numeric,textfield,,,0,0,0,0,0,0,0,852,0,,,,table number,0,0,15,0,,0,,,
Rînd. 1502 col.3,dec/DataSet/Data/CAP/CAP_R[line]/CAP1_R1502_C3_FILIAL,CAP,,numeric,textfield,,,0,0,0,0,0,0,0,853,0,,,,table number,0,0,15,0,,0,,,
Rînd. 1502 col.5,dec/DataSet/Data/CAP/CAP_R[line]/CAP1_R1502_C5_FILIAL,CAP,,numeric,textfield,,,0,0,0,0,0,0,0,854,0,,,,table number,0,0,15,0,,0,,,
Rînd. 1606 col.1,dec/DataSet/Data/CAP/CAP_R[line]/CAP1_R1606_C1_FILIAL,CAP,,numeric,textfield,,,0,0,0,0,0,0,0,855,0,,,,table number,0,0,15,0,,0,,,
Rînd. 1613 col.3,dec/DataSet/Data/CAP/CAP_R[line]/CAP1_R1613_C3_FILIAL,CAP,,numeric,textfield,,,0,0,0,0,0,0,0,856,0,,,,table number,0,0,15,0,,0,,,
Rînd. 1617 col.3,dec/DataSet/Data/CAP/CAP_R[line]/CAP1_R1617_C3_FILIAL,CAP,,numeric,textfield,,,0,0,0,0,0,0,0,857,0,,,,table number,0,0,15,0,,0,,,
Rînd. 1701 col.1,dec/DataSet/Data/CAP/CAP_R[line]/CAP1A_R1701_C1_FILIAL,CAP,,numeric,textfield,,,0,0,0,0,0,0,0,861,0,,,,table number,0,0,15,0,,0,,,
Rînd. 1701 col.2,dec/DataSet/Data/CAP/CAP_R[line]/CAP1A_R1701_C2_FILIAL,CAP,,numeric,textfield,,,0,0,0,0,0,0,0,862,0,,,,table number,0,0,15,0,,0,,,
Rînd. 1702 col.1,dec/DataSet/Data/CAP/CAP_R[line]/CAP1A_R1702_C1_FILIAL,CAP,,numeric,textfield,,,0,0,0,0,0,0,0,863,0,,,,table number,0,0,15,0,,0,,,
Rînd. 1702 col.2,dec/DataSet/Data/CAP/CAP_R[line]/CAP1A_R1702_C2_FILIAL,CAP,,numeric,textfield,,,0,0,0,0,0,0,0,864,0,,,,table number,0,0,15,0,,0,,,
Rînd. 1703 col.1,dec/DataSet/Data/CAP/CAP_R[line]/CAP1A_R1703_C1_FILIAL,CAP,,numeric,textfield,,,0,0,0,0,0,0,0,865,0,,,,table number,0,0,15,0,,0,,,
Rînd. 1703 col.2,dec/DataSet/Data/CAP/CAP_R[line]/CAP1A_R1703_C2_FILIAL,CAP,,numeric,textfield,,,0,0,0,0,0,0,0,866,0,,,,table number,0,0,15,0,,0,,,
Rînd. 1704 col.1,dec/DataSet/Data/CAP/CAP_R[line]/CAP1A_R1704_C1_FILIAL,CAP,,numeric,textfield,,,0,0,0,0,0,0,0,867,0,,,,table number,0,0,15,0,,0,,,
Rînd. 1704 col.2,dec/DataSet/Data/CAP/CAP_R[line]/CAP1A_R1704_C2_FILIAL,CAP,,numeric,textfield,,,0,0,0,0,0,0,0,868,0,,,,table number,0,0,15,0,,0,,,
Rînd. 1705 col.1,dec/DataSet/Data/CAP/CAP_R[line]/CAP1A_R1705_C1_FILIAL,CAP,,numeric,textfield,,,0,0,0,0,0,0,0,869,0,,,,table number,0,0,15,0,,0,,,
Rînd. 1705 col.2,dec/DataSet/Data/CAP/CAP_R[line]/CAP1A_R1705_C2_FILIAL,CAP,,numeric,textfield,,,0,0,0,0,0,0,0,870,0,,,,table number,0,0,15,0,,0,,,
Rînd. 1706 col.1,dec/DataSet/Data/CAP/CAP_R[line]/CAP1A_R1706_C1_FILIAL,CAP,,numeric,textfield,,,0,0,0,0,0,0,0,871,0,,,,table number,0,0,15,0,,0,,,
Rînd. 1706 col.2,dec/DataSet/Data/CAP/CAP_R[line]/CAP1A_R1706_C2_FILIAL,CAP,,numeric,textfield,,,0,0,0,0,0,0,0,872,0,,,,table number,0,0,15,0,,0,,,
Rînd. 1707 col.1,dec/DataSet/Data/CAP/CAP_R[line]/CAP1A_R1707_C1_FILIAL,CAP,,numeric,textfield,,,0,0,0,0,0,0,0,873,0,,,,table number,0,0,15,0,,0,,,
Rînd. 1707 col.2,dec/DataSet/Data/CAP/CAP_R[line]/CAP1A_R1707_C2_FILIAL,CAP,,numeric,textfield,,,0,0,0,0,0,0,0,874,0,,,,table number,0,0,15,0,,0,,,
Rînd. 2100 col.1,dec/DataSet/Data/CAP/CAP_R[line]/CAP2_R2100_C1_FILIAL,CAP,,numeric,textfield,,,0,0,0,0,0,0,0,875,0,,,,table number,0,0,15,0,,0,,,
Rînd. 2100 col.2,dec/DataSet/Data/CAP/CAP_R[line]/CAP2_R2100_C2_FILIAL,CAP,,numeric,textfield,,,0,0,0,0,0,0,0,876,0,,,,table number,0,0,15,0,,0,,,
Rînd. 2100 col.3,dec/DataSet/Data/CAP/CAP_R[line]/CAP2_R2100_C3_FILIAL,CAP,,numeric,textfield,,,0,0,0,0,0,0,0,877,0,,,,table number,0,0,15,0,,0,,,
Rînd. 2100 col.4,dec/DataSet/Data/CAP/CAP_R[line]/CAP2_R2100_C4_FILIAL,CAP,,numeric,textfield,,,0,0,0,0,0,0,0,878,0,,,,table number,0,0,15,0,,0,,,
Rînd. 2101 col.1,dec/DataSet/Data/CAP/CAP_R[line]/CAP2_R2101_C1_FILIAL,CAP,,numeric,textfield,,,0,0,0,0,0,0,0,879,0,,,,table number,0,0,15,0,,0,,,
Rînd. 2101 col.2,dec/DataSet/Data/CAP/CAP_R[line]/CAP2_R2101_C2_FILIAL,CAP,,numeric,textfield,,,0,0,0,0,0,0,0,880,0,,,,table number,0,0,15,0,,0,,,
Rînd. 2101 col.3,dec/DataSet/Data/CAP/CAP_R[line]/CAP2_R2101_C3_FILIAL,CAP,,numeric,textfield,,,0,0,0,0,0,0,0,881,0,,,,table number,0,0,15,0,,0,,,
Rînd. 2101 col.4,dec/DataSet/Data/CAP/CAP_R[line]/CAP2_R2101_C4_FILIAL,CAP,,numeric,textfield,,,0,0,0,0,0,0,0,882,0,,,,table number,0,0,15,0,,0,,,
Rînd. 2102 col.1,dec/DataSet/Data/CAP/CAP_R[line]/CAP2_R2102_C1_FILIAL,CAP,,numeric,textfield,,,0,0,0,0,0,0,0,883,0,,,,table number,0,0,15,0,,0,,,
Rînd. 2102 col.2,dec/DataSet/Data/CAP/CAP_R[line]/CAP2_R2102_C2_FILIAL,CAP,,numeric,textfield,,,0,0,0,0,0,0,0,884,0,,,,table number,0,0,15,0,,0,,,
Rînd. 2102 col.3,dec/DataSet/Data/CAP/CAP_R[line]/CAP2_R2102_C3_FILIAL,CAP,,numeric,textfield,,,0,0,0,0,0,0,0,885,0,,,,table number,0,0,15,0,,0,,,
Rînd. 2102 col.4,dec/DataSet/Data/CAP/CAP_R[line]/CAP2_R2102_C4_FILIAL,CAP,,numeric,textfield,,,0,0,0,0,0,0,0,886,0,,,,table number,0,0,15,0,,0,,,
Rînd. 2103 col.1,dec/DataSet/Data/CAP/CAP_R[line]/CAP2_R2103_C1_FILIAL,CAP,,numeric,textfield,,,0,0,0,0,0,0,0,887,0,,,,table number,0,0,15,0,,0,,,
Rînd. 2103 col.2,dec/DataSet/Data/CAP/CAP_R[line]/CAP2_R2103_C2_FILIAL,CAP,,numeric,textfield,,,0,0,0,0,0,0,0,888,0,,,,table number,0,0,15,0,,0,,,
Rînd. 2103 col.3,dec/DataSet/Data/CAP/CAP_R[line]/CAP2_R2103_C3_FILIAL,CAP,,numeric,textfield,,,0,0,0,0,0,0,0,889,0,,,,table number,0,0,15,0,,0,,,
Rînd. 2103 col.4,dec/DataSet/Data/CAP/CAP_R[line]/CAP2_R2103_C4_FILIAL,CAP,,numeric,textfield,,,0,0,0,0,0,0,0,890,0,,,,table number,0,0,15,0,,0,,,
Rînd. 2104 col.1,dec/DataSet/Data/CAP/CAP_R[line]/CAP2_R2104_C1_FILIAL,CAP,,numeric,textfield,,,0,0,0,0,0,0,0,891,0,,,,table number,0,0,15,0,,0,,,
Rînd. 2104 col.2,dec/DataSet/Data/CAP/CAP_R[line]/CAP2_R2104_C2_FILIAL,CAP,,numeric,textfield,,,0,0,0,0,0,0,0,892,0,,,,table number,0,0,15,0,,0,,,
Rînd. 2104 col.3,dec/DataSet/Data/CAP/CAP_R[line]/CAP2_R2104_C3_FILIAL,CAP,,numeric,textfield,,,0,0,0,0,0,0,0,893,0,,,,table number,0,0,15,0,,0,,,
Rînd. 2104 col.4,dec/DataSet/Data/CAP/CAP_R[line]/CAP2_R2104_C4_FILIAL,CAP,,numeric,textfield,,,0,0,0,0,0,0,0,894,0,,,,table number,0,0,15,0,,0,,,
Rînd. 2110 col.1,dec/DataSet/Data/CAP/CAP_R[line]/CAP2_R2110_C1_FILIAL,CAP,,numeric,textfield,,,0,0,0,0,0,0,0,895,0,,,,table number,0,0,15,0,,0,,,
Rînd. 2110 col.2,dec/DataSet/Data/CAP/CAP_R[line]/CAP2_R2110_C2_FILIAL,CAP,,numeric,textfield,,,0,0,0,0,0,0,0,896,0,,,,table number,0,0,15,0,,0,,,
Rînd. 2110 col.3,dec/DataSet/Data/CAP/CAP_R[line]/CAP2_R2110_C3_FILIAL,CAP,,numeric,textfield,,,0,0,0,0,0,0,0,897,0,,,,table number,0,0,15,0,,0,,,
Rînd. 2110 col.4,dec/DataSet/Data/CAP/CAP_R[line]/CAP2_R2110_C4_FILIAL,CAP,,numeric,textfield,,,0,0,0,0,0,0,0,898,0,,,,table number,0,0,15,0,,0,,,
Rînd. 2111 col.1,dec/DataSet/Data/CAP/CAP_R[line]/CAP2_R2111_C1_FILIAL,CAP,,numeric,textfield,,,0,0,0,0,0,0,0,899,0,,,,table number,0,0,15,0,,0,,,
Rînd. 2111 col.2,dec/DataSet/Data/CAP/CAP_R[line]/CAP2_R2111_C2_FILIAL,CAP,,numeric,textfield,,,0,0,0,0,0,0,0,900,0,,,,table number,0,0,15,0,,0,,,
Rînd. 2111 col.3,dec/DataSet/Data/CAP/CAP_R[line]/CAP2_R2111_C3_FILIAL,CAP,,numeric,textfield,,,0,0,0,0,0,0,0,901,0,,,,table number,0,0,15,0,,0,,,
Rînd. 2111 col.4,dec/DataSet/Data/CAP/CAP_R[line]/CAP2_R2111_C4_FILIAL,CAP,,numeric,textfield,,,0,0,0,0,0,0,0,902,0,,,,table number,0,0,15,0,,0,,,
Rînd. 2112 col.1,dec/DataSet/Data/CAP/CAP_R[line]/CAP2_R2112_C1_FILIAL,CAP,,numeric,textfield,,,0,0,0,0,0,0,0,903,0,,,,table number,0,0,15,0,,0,,,
Rînd. 2112 col.2,dec/DataSet/Data/CAP/CAP_R[line]/CAP2_R2112_C2_FILIAL,CAP,,numeric,textfield,,,0,0,0,0,0,0,0,904,0,,,,table number,0,0,15,0,,0,,,
Rînd. 2112 col.3,dec/DataSet/Data/CAP/CAP_R[line]/CAP2_R2112_C3_FILIAL,CAP,,numeric,textfield,,,0,0,0,0,0,0,0,905,0,,,,table number,0,0,15,0,,0,,,
Rînd. 2112 col.4,dec/DataSet/Data/CAP/CAP_R[line]/CAP2_R2112_C4_FILIAL,CAP,,numeric,textfield,,,0,0,0,0,0,0,0,906,0,,,,table number,0,0,15,0,,0,,,
Rînd. 2113 col.1,dec/DataSet/Data/CAP/CAP_R[line]/CAP2_R2113_C1_FILIAL,CAP,,numeric,textfield,,,0,0,0,0,0,0,0,907,0,,,,table number,0,0,15,0,,0,,,
Rînd. 2113 col.2,dec/DataSet/Data/CAP/CAP_R[line]/CAP2_R2113_C2_FILIAL,CAP,,numeric,textfield,,,0,0,0,0,0,0,0,908,0,,,,table number,0,0,15,0,,0,,,
Rînd. 2113 col.3,dec/DataSet/Data/CAP/CAP_R[line]/CAP2_R2113_C3_FILIAL,CAP,,numeric,textfield,,,0,0,0,0,0,0,0,909,0,,,,table number,0,0,15,0,,0,,,
Rînd. 2113 col.4,dec/DataSet/Data/CAP/CAP_R[line]/CAP2_R2113_C4_FILIAL,CAP,,numeric,textfield,,,0,0,0,0,0,0,0,910,0,,,,table number,0,0,15,0,,0,,,
Rînd. 2114 col.1,dec/DataSet/Data/CAP/CAP_R[line]/CAP2_R2114_C1_FILIAL,CAP,,numeric,textfield,,,0,0,0,0,0,0,0,911,0,,,,table number,0,0,15,0,,0,,,
Rînd. 2114 col.2,dec/DataSet/Data/CAP/CAP_R[line]/CAP2_R2114_C2_FILIAL,CAP,,numeric,textfield,,,0,0,0,0,0,0,0,912,0,,,,table number,0,0,15,0,,0,,,
Rînd. 2114 col.3,dec/DataSet/Data/CAP/CAP_R[line]/CAP2_R2114_C3_FILIAL,CAP,,numeric,textfield,,,0,0,0,0,0,0,0,913,0,,,,table number,0,0,15,0,,0,,,
Rînd. 2114 col.4,dec/DataSet/Data/CAP/CAP_R[line]/CAP2_R2114_C4_FILIAL,CAP,,numeric,textfield,,,0,0,0,0,0,0,0,914,0,,,,table number,0,0,15,0,,0,,,
Rînd. 2115 col.1,dec/DataSet/Data/CAP/CAP_R[line]/CAP2_R2115_C1_FILIAL,CAP,,numeric,textfield,,,0,0,0,0,0,0,0,915,0,,,,table number,0,0,15,0,,0,,,
Rînd. 2115 col.2,dec/DataSet/Data/CAP/CAP_R[line]/CAP2_R2115_C2_FILIAL,CAP,,numeric,textfield,,,0,0,0,0,0,0,0,916,0,,,,table number,0,0,15,0,,0,,,
Rînd. 2115 col.3,dec/DataSet/Data/CAP/CAP_R[line]/CAP2_R2115_C3_FILIAL,CAP,,numeric,textfield,,,0,0,0,0,0,0,0,917,0,,,,table number,0,0,15,0,,0,,,
Rînd. 2115 col.4,dec/DataSet/Data/CAP/CAP_R[line]/CAP2_R2115_C4_FILIAL,CAP,,numeric,textfield,,,0,0,0,0,0,0,0,918,0,,,,table number,0,0,15,0,,0,,,
Rînd. 2116 col.1,dec/DataSet/Data/CAP/CAP_R[line]/CAP2_R2116_C1_FILIAL,CAP,,numeric,textfield,,,0,0,0,0,0,0,0,919,0,,,,table number,0,0,15,0,,0,,,
Rînd. 2116 col.2,dec/DataSet/Data/CAP/CAP_R[line]/CAP2_R2116_C2_FILIAL,CAP,,numeric,textfield,,,0,0,0,0,0,0,0,920,0,,,,table number,0,0,15,0,,0,,,
Rînd. 2116 col.3,dec/DataSet/Data/CAP/CAP_R[line]/CAP2_R2116_C3_FILIAL,CAP,,numeric,textfield,,,0,0,0,0,0,0,0,921,0,,,,table number,0,0,15,0,,0,,,
Rînd. 2116 col.4,dec/DataSet/Data/CAP/CAP_R[line]/CAP2_R2116_C4_FILIAL,CAP,,numeric,textfield,,,0,0,0,0,0,0,0,922,0,,,,table number,0,0,15,0,,0,,,
Rînd. 2120 col.1,dec/DataSet/Data/CAP/CAP_R[line]/CAP2_R2120_C1_FILIAL,CAP,,numeric,textfield,,,0,0,0,0,0,0,0,923,0,,,,table number,0,0,15,0,,0,,,
Rînd. 2120 col.2,dec/DataSet/Data/CAP/CAP_R[line]/CAP2_R2120_C2_FILIAL,CAP,,numeric,textfield,,,0,0,0,0,0,0,0,924,0,,,,table number,0,0,15,0,,0,,,
Rînd. 2120 col.3,dec/DataSet/Data/CAP/CAP_R[line]/CAP2_R2120_C3_FILIAL,CAP,,numeric,textfield,,,0,0,0,0,0,0,0,925,0,,,,table number,0,0,15,0,,0,,,
Rînd. 2120 col.4,dec/DataSet/Data/CAP/CAP_R[line]/CAP2_R2120_C4_FILIAL,CAP,,numeric,textfield,,,0,0,0,0,0,0,0,926,0,,,,table number,0,0,15,0,,0,,,
Rînd. 2121 col.1,dec/DataSet/Data/CAP/CAP_R[line]/CAP2_R2121_C1_FILIAL,CAP,,numeric,textfield,,,0,0,0,0,0,0,0,927,0,,,,table number,0,0,15,0,,0,,,
Rînd. 2121 col.2,dec/DataSet/Data/CAP/CAP_R[line]/CAP2_R2121_C2_FILIAL,CAP,,numeric,textfield,,,0,0,0,0,0,0,0,928,0,,,,table number,0,0,15,0,,0,,,
Rînd. 2121 col.3,dec/DataSet/Data/CAP/CAP_R[line]/CAP2_R2121_C3_FILIAL,CAP,,numeric,textfield,,,0,0,0,0,0,0,0,929,0,,,,table number,0,0,15,0,,0,,,
Rînd. 2121 col.4,dec/DataSet/Data/CAP/CAP_R[line]/CAP2_R2121_C4_FILIAL,CAP,,numeric,textfield,,,0,0,0,0,0,0,0,930,0,,,,table number,0,0,15,0,,0,,,
Rînd. 2200 col.1,dec/DataSet/Data/CAP/CAP_R[line]/CAP2_R2200_C1_FILIAL,CAP,,numeric,textfield,,,0,0,0,0,0,0,0,931,0,,,,table number,0,0,15,0,,0,,,
Rînd. 2200 col.2,dec/DataSet/Data/CAP/CAP_R[line]/CAP2_R2200_C2_FILIAL,CAP,,numeric,textfield,,,0,0,0,0,0,0,0,932,0,,,,table number,0,0,15,0,,0,,,
Rînd. 2200 col.3,dec/DataSet/Data/CAP/CAP_R[line]/CAP2_R2200_C3_FILIAL,CAP,,numeric,textfield,,,0,0,0,0,0,0,0,933,0,,,,table number,0,0,15,0,,0,,,
Rînd. 2200 col.4,dec/DataSet/Data/CAP/CAP_R[line]/CAP2_R2200_C4_FILIAL,CAP,,numeric,textfield,,,0,0,0,0,0,0,0,934,0,,,,table number,0,0,15,0,,0,,,
Rînd. 2201 col.1,dec/DataSet/Data/CAP/CAP_R[line]/CAP2_R2201_C1_FILIAL,CAP,,numeric,textfield,,,0,0,0,0,0,0,0,935,0,,,,table number,0,0,15,0,,0,,,
Rînd. 2201 col.2,dec/DataSet/Data/CAP/CAP_R[line]/CAP2_R2201_C2_FILIAL,CAP,,numeric,textfield,,,0,0,0,0,0,0,0,936,0,,,,table number,0,0,15,0,,0,,,
Rînd. 2201 col.3,dec/DataSet/Data/CAP/CAP_R[line]/CAP2_R2201_C3_FILIAL,CAP,,numeric,textfield,,,0,0,0,0,0,0,0,937,0,,,,table number,0,0,15,0,,0,,,
Rînd. 2201 col.4,dec/DataSet/Data/CAP/CAP_R[line]/CAP2_R2201_C4_FILIAL,CAP,,numeric,textfield,,,0,0,0,0,0,0,0,938,0,,,,table number,0,0,15,0,,0,,,
Rînd. 2202 col.1,dec/DataSet/Data/CAP/CAP_R[line]/CAP2_R2202_C1_FILIAL,CAP,,numeric,textfield,,,0,0,0,0,0,0,0,939,0,,,,table number,0,0,15,0,,0,,,
Rînd. 2202 col.2,dec/DataSet/Data/CAP/CAP_R[line]/CAP2_R2202_C2_FILIAL,CAP,,numeric,textfield,,,0,0,0,0,0,0,0,940,0,,,,table number,0,0,15,0,,0,,,
Rînd. 2202 col.3,dec/DataSet/Data/CAP/CAP_R[line]/CAP2_R2202_C3_FILIAL,CAP,,numeric,textfield,,,0,0,0,0,0,0,0,941,0,,,,table number,0,0,15,0,,0,,,
Rînd. 2202 col.4,dec/DataSet/Data/CAP/CAP_R[line]/CAP2_R2202_C4_FILIAL,CAP,,numeric,textfield,,,0,0,0,0,0,0,0,942,0,,,,table number,0,0,15,0,,0,,,
Rînd. 2203 col.1,dec/DataSet/Data/CAP/CAP_R[line]/CAP2_R2203_C1_FILIAL,CAP,,numeric,textfield,,,0,0,0,0,0,0,0,943,0,,,,table number,0,0,15,0,,0,,,
Rînd. 2203 col.2,dec/DataSet/Data/CAP/CAP_R[line]/CAP2_R2203_C2_FILIAL,CAP,,numeric,textfield,,,0,0,0,0,0,0,0,944,0,,,,table number,0,0,15,0,,0,,,
Rînd. 2203 col.3,dec/DataSet/Data/CAP/CAP_R[line]/CAP2_R2203_C3_FILIAL,CAP,,numeric,textfield,,,0,0,0,0,0,0,0,945,0,,,,table number,0,0,15,0,,0,,,
Rînd. 2203 col.4,dec/DataSet/Data/CAP/CAP_R[line]/CAP2_R2203_C4_FILIAL,CAP,,numeric,textfield,,,0,0,0,0,0,0,0,946,0,,,,table number,0,0,15,0,,0,,,
Rînd. 2204 col.1,dec/DataSet/Data/CAP/CAP_R[line]/CAP2_R2204_C1_FILIAL,CAP,,numeric,textfield,,,0,0,0,0,0,0,0,947,0,,,,table number,0,0,15,0,,0,,,
Rînd. 2204 col.2,dec/DataSet/Data/CAP/CAP_R[line]/CAP2_R2204_C2_FILIAL,CAP,,numeric,textfield,,,0,0,0,0,0,0,0,948,0,,,,table number,0,0,15,0,,0,,,
Rînd. 2204 col.3,dec/DataSet/Data/CAP/CAP_R[line]/CAP2_R2204_C3_FILIAL,CAP,,numeric,textfield,,,0,0,0,0,0,0,0,949,0,,,,table number,0,0,15,0,,0,,,
Rînd. 2204 col.4,dec/DataSet/Data/CAP/CAP_R[line]/CAP2_R2204_C4_FILIAL,CAP,,numeric,textfield,,,0,0,0,0,0,0,0,950,0,,,,table number,0,0,15,0,,0,,,
Rînd. 2205 col.1,dec/DataSet/Data/CAP/CAP_R[line]/CAP2_R2205_C1_FILIAL,CAP,,numeric,textfield,,,0,0,0,0,0,0,0,951,0,,,,table number,0,0,15,0,,0,,,
Rînd. 2205 col.2,dec/DataSet/Data/CAP/CAP_R[line]/CAP2_R2205_C2_FILIAL,CAP,,numeric,textfield,,,0,0,0,0,0,0,0,952,0,,,,table number,0,0,15,0,,0,,,
Rînd. 2205 col.3,dec/DataSet/Data/CAP/CAP_R[line]/CAP2_R2205_C3_FILIAL,CAP,,numeric,textfield,,,0,0,0,0,0,0,0,953,0,,,,table number,0,0,15,0,,0,,,
Rînd. 2205 col.4,dec/DataSet/Data/CAP/CAP_R[line]/CAP2_R2205_C4_FILIAL,CAP,,numeric,textfield,,,0,0,0,0,0,0,0,954,0,,,,table number,0,0,15,0,,0,,,
Rînd. 2206 col.1,dec/DataSet/Data/CAP/CAP_R[line]/CAP2_R2206_C1_FILIAL,CAP,,numeric,textfield,,,0,0,0,0,0,0,0,955,0,,,,table number,0,0,15,0,,0,,,
Rînd. 2206 col.2,dec/DataSet/Data/CAP/CAP_R[line]/CAP2_R2206_C2_FILIAL,CAP,,numeric,textfield,,,0,0,0,0,0,0,0,956,0,,,,table number,0,0,15,0,,0,,,
Rînd. 2206 col.3,dec/DataSet/Data/CAP/CAP_R[line]/CAP2_R2206_C3_FILIAL,CAP,,numeric,textfield,,,0,0,0,0,0,0,0,957,0,,,,table number,0,0,15,0,,0,,,
Rînd. 2206 col.4,dec/DataSet/Data/CAP/CAP_R[line]/CAP2_R2206_C4_FILIAL,CAP,,numeric,textfield,,,0,0,0,0,0,0,0,958,0,,,,table number,0,0,15,0,,0,,,
Rînd. 2207 col.1,dec/DataSet/Data/CAP/CAP_R[line]/CAP2_R2207_C1_FILIAL,CAP,,numeric,textfield,,,0,0,0,0,0,0,0,959,0,,,,table number,0,0,15,0,,0,,,
Rînd. 2207 col.2,dec/DataSet/Data/CAP/CAP_R[line]/CAP2_R2207_C2_FILIAL,CAP,,numeric,textfield,,,0,0,0,0,0,0,0,960,0,,,,table number,0,0,15,0,,0,,,
Rînd. 2207 col.3,dec/DataSet/Data/CAP/CAP_R[line]/CAP2_R2207_C3_FILIAL,CAP,,numeric,textfield,,,0,0,0,0,0,0,0,961,0,,,,table number,0,0,15,0,,0,,,
Rînd. 2207 col.4,dec/DataSet/Data/CAP/CAP_R[line]/CAP2_R2207_C4_FILIAL,CAP,,numeric,textfield,,,0,0,0,0,0,0,0,962,0,,,,table number,0,0,15,0,,0,,,
Rînd. 2208 col.1,dec/DataSet/Data/CAP/CAP_R[line]/CAP2_R2208_C1_FILIAL,CAP,,numeric,textfield,,,0,0,0,0,0,0,0,963,0,,,,table number,0,0,15,0,,0,,,
Rînd. 2208 col.2,dec/DataSet/Data/CAP/CAP_R[line]/CAP2_R2208_C2_FILIAL,CAP,,numeric,textfield,,,0,0,0,0,0,0,0,964,0,,,,table number,0,0,15,0,,0,,,
Rînd. 2208 col.3,dec/DataSet/Data/CAP/CAP_R[line]/CAP2_R2208_C3_FILIAL,CAP,,numeric,textfield,,,0,0,0,0,0,0,0,965,0,,,,table number,0,0,15,0,,0,,,
Rînd. 2208 col.4,dec/DataSet/Data/CAP/CAP_R[line]/CAP2_R2208_C4_FILIAL,CAP,,numeric,textfield,,,0,0,0,0,0,0,0,966,0,,,,table number,0,0,15,0,,0,,,
Rînd. 2209 col.1,dec/DataSet/Data/CAP/CAP_R[line]/CAP2_R2209_C1_FILIAL,CAP,,numeric,textfield,,,0,0,0,0,0,0,0,967,0,,,,table number,0,0,15,0,,0,,,
Rînd. 2209 col.2,dec/DataSet/Data/CAP/CAP_R[line]/CAP2_R2209_C2_FILIAL,CAP,,numeric,textfield,,,0,0,0,0,0,0,0,968,0,,,,table number,0,0,15,0,,0,,,
Rînd. 2209 col.3,dec/DataSet/Data/CAP/CAP_R[line]/CAP2_R2209_C3_FILIAL,CAP,,numeric,textfield,,,0,0,0,0,0,0,0,969,0,,,,table number,0,0,15,0,,0,,,
Rînd. 2209 col.4,dec/DataSet/Data/CAP/CAP_R[line]/CAP2_R2209_C4_FILIAL,CAP,,numeric,textfield,,,0,0,0,0,0,0,0,970,0,,,,table number,0,0,15,0,,0,,,
Rînd. 2300 col.1,dec/DataSet/Data/CAP/CAP_R[line]/CAP2_R2300_C1_FILIAL,CAP,,numeric,textfield,,,0,0,0,0,0,0,0,971,0,,,,table number,0,0,15,0,,0,,,
Rînd. 2300 col.2,dec/DataSet/Data/CAP/CAP_R[line]/CAP2_R2300_C2_FILIAL,CAP,,numeric,textfield,,,0,0,0,0,0,0,0,972,0,,,,table number,0,0,15,0,,0,,,
Rînd. 2300 col.3,dec/DataSet/Data/CAP/CAP_R[line]/CAP2_R2300_C3_FILIAL,CAP,,numeric,textfield,,,0,0,0,0,0,0,0,973,0,,,,table number,0,0,15,0,,0,,,
Rînd. 2300 col.4,dec/DataSet/Data/CAP/CAP_R[line]/CAP2_R2300_C4_FILIAL,CAP,,numeric,textfield,,,0,0,0,0,0,0,0,974,0,,,,table number,0,0,15,0,,0,,,
Rînd. 2301 col.1,dec/DataSet/Data/CAP/CAP_R[line]/CAP2_R2301_C1_FILIAL,CAP,,numeric,textfield,,,0,0,0,0,0,0,0,975,0,,,,table number,0,0,15,0,,0,,,
Rînd. 2301 col.2,dec/DataSet/Data/CAP/CAP_R[line]/CAP2_R2301_C2_FILIAL,CAP,,numeric,textfield,,,0,0,0,0,0,0,0,976,0,,,,table number,0,0,15,0,,0,,,
Rînd. 2301 col.3,dec/DataSet/Data/CAP/CAP_R[line]/CAP2_R2301_C3_FILIAL,CAP,,numeric,textfield,,,0,0,0,0,0,0,0,977,0,,,,table number,0,0,15,0,,0,,,
Rînd. 2301 col.4,dec/DataSet/Data/CAP/CAP_R[line]/CAP2_R2301_C4_FILIAL,CAP,,numeric,textfield,,,0,0,0,0,0,0,0,978,0,,,,table number,0,0,15,0,,0,,,
Rînd. 2302 col.1,dec/DataSet/Data/CAP/CAP_R[line]/CAP2_R2302_C1_FILIAL,CAP,,numeric,textfield,,,0,0,0,0,0,0,0,979,0,,,,table number,0,0,15,0,,0,,,
Rînd. 2302 col.2,dec/DataSet/Data/CAP/CAP_R[line]/CAP2_R2302_C2_FILIAL,CAP,,numeric,textfield,,,0,0,0,0,0,0,0,980,0,,,,table number,0,0,15,0,,0,,,
Rînd. 2302 col.3,dec/DataSet/Data/CAP/CAP_R[line]/CAP2_R2302_C3_FILIAL,CAP,,numeric,textfield,,,0,0,0,0,0,0,0,981,0,,,,table number,0,0,15,0,,0,,,
Rînd. 2302 col.4,dec/DataSet/Data/CAP/CAP_R[line]/CAP2_R2302_C4_FILIAL,CAP,,numeric,textfield,,,0,0,0,0,0,0,0,982,0,,,,table number,0,0,15,0,,0,,,
Rînd. 2500 col.1,dec/DataSet/Data/CAP/CAP_R[line]/CAP3_R2500_C1_FILIAL,CAP,,numeric,textfield,,,0,0,0,0,0,0,0,983,0,,,,table number,0,0,15,0,,0,,,
